date;marketPrice
2026-10-02;10.83665
2026-10-01;10.86769
2026-09-30;10.8658
2026-09-29;10.87993
2026-09-28;10.94786
2026-09-27;10.94832
2026-09-26;10.94878
2026-09-25;10.94945
2026-09-24;10.99455
2026-09-23;11.02383
2026-09-22;11.00069
2026-09-21;11.00598
2026-09-20;11.00644
2026-09-19;11.0069
2026-09-18;11.00195
2026-09-17;10.96574
2026-09-16;10.97389
2026-09-15;10.98566
2026-09-14;11.00196
2026-09-13;11.00242
2026-09-12;11.00289
2026-09-11;10.99796
2026-09-10;11.06749
2026-09-09;11.10131
2026-09-08;11.12107
2026-09-07;11.1363
2026-09-06;11.13677
2026-09-05;11.13724
2026-09-04;11.15
2026-09-03;11.0965
2026-09-02;11.08525
2026-09-01;11.15467
2026-08-31;11.14741
2026-08-30;11.14787
2026-08-29;11.14834
2026-08-28;11.19281
2026-08-27;11.1745
2026-08-26;11.19871
2026-08-25;11.16597
2026-08-24;11.15848
2026-08-23;11.15895
2026-08-22;11.15941
2026-08-21;11.10604
2026-08-20;11.11142
2026-08-19;11.01819
2026-08-18;11.05663
2026-08-17;11.05734
2026-08-16;11.0578
2026-08-15;11.05827
2026-08-14;11.05533
2026-08-13;11.07083
2026-08-12;11.07213
2026-08-11;11.07975
2026-08-10;11.05583
2026-08-09;11.05629
2026-08-08;11.05675
2026-08-07;10.98745
2026-08-06;11.00239
2026-08-05;10.94177
2026-08-04;10.89671
2026-08-03;10.8775
2026-08-02;10.87796
2026-08-01;10.87841
2026-07-31;10.89092
2026-07-30;10.89591
2026-07-29;10.8566
2026-07-28;10.86852
2026-07-27;10.83895
2026-07-26;10.83939
2026-07-25;10.83983
2026-07-24;10.80696
2026-07-23;10.87535
2026-07-22;10.84303
2026-07-21;10.81705
2026-07-20;10.81808
2026-07-19;10.81852
2026-07-18;10.81895
2026-07-17;10.83724
2026-07-16;10.85754
2026-07-15;10.84449
2026-07-14;10.82663
2026-07-13;10.89751
2026-07-12;10.89795
2026-07-11;10.89839
2026-07-10;10.84591
2026-07-09;10.812
2026-07-08;10.87115
2026-07-07;10.90616
2026-07-06;10.89751
2026-07-05;10.89795
2026-07-04;10.89839
2026-07-03;10.88563
2026-07-02;10.83136
2026-07-01;10.79624
2026-06-30;10.7924
2026-06-29;10.81496
2026-06-28;10.81539
2026-06-27;10.81583
2026-06-26;10.79882
2026-06-25;10.77276
2026-06-24;10.81349
2026-06-23;10.85278
2026-06-22;10.8732
2026-06-21;10.87364
2026-06-20;10.87408
2026-06-19;10.89511
2026-06-18;10.94491
2026-06-17;10.97476
2026-06-16;10.96745
2026-06-15;10.89958
2026-06-14;10.90002
2026-06-13;10.90046
2026-06-12;10.83665
2026-06-11;10.82575
2026-06-10;10.86106
2026-06-09;10.91508
2026-06-08;10.92214
2026-06-07;10.92258
2026-06-06;10.92302
2026-06-05;11.00597
2026-06-04;10.99159
2026-06-03;11.03913
2026-06-02;11.01931
2026-06-01;11.05148
2026-05-31;11.05432
2026-05-30;11.05479
2026-05-29;11.01388
2026-05-28;11.00267
2026-05-27;11.03026
2026-05-26;10.99661
2026-05-25;10.99154
2026-05-24;10.99199
2026-05-23;10.99243
2026-05-22;10.98795
2026-05-21;10.98137
2026-05-20;10.93098
2026-05-19;10.9767
2026-05-18;10.96797
2026-05-17;10.96841
2026-05-16;10.96885
2026-05-15;11.07556
2026-05-14;11.12083
2026-05-13;11.10132
2026-05-12;11.14539
2026-05-11;11.09799
2026-05-10;11.09844
2026-05-09;11.09889
2026-05-08;11.09576
2026-05-07;11.07613
2026-05-06;10.99626
2026-05-05;10.98881
2026-05-04;11.00297
2026-05-03;11.00342
2026-05-02;11.00386
2026-05-01;10.99535
2026-04-30;10.94763
2026-04-29;10.98574
2026-04-28;11.01523
2026-04-27;11.03322
2026-04-26;11.03366
2026-04-25;11.03411
2026-04-24;11.04781
2026-04-23;11.08644
2026-04-22;11.07433
2026-04-21;11.14668
2026-04-20;11.16311
2026-04-19;11.16356
2026-04-18;11.16402
2026-04-17;11.11645
2026-04-16;11.11068
2026-04-15;11.11016
2026-04-14;11.0579
2026-04-13;11.0635
2026-04-12;11.06394
2026-04-11;11.06439
2026-04-10;11.07739
2026-04-09;11.05925
2026-04-08;10.95677
2026-04-07;10.9754
2026-04-06;10.97378
2026-04-05;10.97422
2026-04-04;10.97466
2026-04-03;10.98391
2026-04-02;10.99588
2026-04-01;10.92899
2026-03-31;10.85656
2026-03-30;10.82049
2026-03-29;10.82094
2026-03-28;10.82139
2026-03-27;10.8145
2026-03-26;10.89742
2026-03-25;10.81438
2026-03-24;10.79861
2026-03-23;10.79065
2026-03-22;10.7911
2026-03-21;10.79154
2026-03-20;10.89057
2026-03-19;11.01197
2026-03-18;11.08686
2026-03-17;11.08044
2026-03-16;11.07479
2026-03-15;11.07525
2026-03-14;11.07571
2026-03-13;11.14888
2026-03-12;11.19555
2026-03-11;11.24316
2026-03-10;11.14786
2026-03-09;11.16461
2026-03-08;11.16507
2026-03-07;11.16554
2026-03-06;11.17186
2026-03-05;11.2397
2026-03-04;11.23572
2026-03-03;11.39971
2026-03-02;11.42013
2026-03-01;11.42061
2026-02-28;11.42141
2026-02-27;11.36274
2026-02-26;11.35034
2026-02-25;11.31913
2026-02-24;11.33057
2026-02-23;11.24475
2026-02-22;11.24522
2026-02-21;11.24569
2026-02-20;11.23536
2026-02-19;11.22518
2026-02-18;11.16746
2026-02-17;11.21467
2026-02-16;11.21397
2026-02-15;11.21443
2026-02-14;11.2149
2026-02-13;11.18255
2026-02-12;11.26785
2026-02-11;11.21889
2026-02-10;11.21123
2026-02-09;11.13167
2026-02-02;11.12551
2026-02-01;11.12597
2026-01-31;11.12636
2026-01-30;11.30982
2026-01-29;11.33309
2026-01-28;11.30281
2026-01-27;11.33496
2026-01-26;11.29354
2026-01-25;11.29401
2026-01-24;11.29448
2026-01-23;11.24464
2026-01-22;11.17193
2026-01-21;11.14736
2026-01-20;11.13061
2026-01-19;11.13439
2026-01-18;11.13484
2026-01-17;11.1353
2026-01-16;11.17757
2026-01-15;11.17863
2026-01-14;11.12645
2026-01-13;11.09789
2026-01-12;11.01833
2026-01-11;11.01878
2026-01-10;11.01924
2026-01-09;10.96959
2026-01-08;11.01399
2026-01-07;11.00758
2026-01-06;10.96239
2026-01-05;10.85982
2026-01-04;10.86027
2026-01-03;10.86072
2026-01-02;10.87182
2026-01-01;10.87226
2025-12-31;10.89825
2025-12-30;10.87087
2025-12-29;10.93179
2025-12-28;10.93223
2025-12-27;10.93268
2025-12-26;10.89326
2025-12-25;10.89081
2025-12-24;10.88954
2025-12-23;10.86956
2025-12-22;10.83669
2025-12-21;10.83714
2025-12-20;10.83758
2025-12-19;10.82604
2025-12-18;10.80746
2025-12-17;10.7681
2025-12-16;10.79933
2025-12-15;10.78826
2025-12-14;10.7887
2025-12-13;10.78914
2025-12-12;10.80565
2025-12-11;10.76948
2025-12-10;10.75594
2025-12-09;10.73847
2025-12-08;10.77299
2025-12-07;10.77343
2025-12-06;10.77387
2025-12-05;10.75557
2025-12-04;10.7573
2025-12-03;10.73889
2025-12-02;10.75498
2025-12-01;10.75639
2025-11-30;10.75683
2025-11-29;10.75727
2025-11-28;10.69828
2025-11-27;10.69041
2025-11-26;10.63381
2025-11-25;10.60131
2025-11-24;10.54793
2025-11-23;10.54836
2025-11-22;10.54878
2025-11-21;10.59741
2025-11-20;10.57645
2025-11-19;10.56431
2025-11-18;10.59373
2025-11-17;10.60365
2025-11-16;10.60409
2025-11-15;10.60452
2025-11-14;10.66513
2025-11-13;10.68928
2025-11-12;10.64024
2025-11-11;10.61458
2025-11-10;10.51625
2025-11-09;10.51668
2025-11-08;10.51711
2025-11-07;10.54126
2025-11-06;10.5398
2025-11-05;10.51331
2025-11-04;10.55837
2025-11-03;10.56014
2025-11-02;10.56057
2025-11-01;10.561
2025-10-31;10.51559
2025-10-30;10.50118
2025-10-29;10.49035
2025-10-28;10.49959
2025-10-27;10.53657
2025-10-26;10.53699
2025-10-25;10.53742
2025-10-24;10.54326
2025-10-23;10.50723
2025-10-22;10.50746
2025-10-21;10.60353
2025-10-20;10.53053
2025-10-19;10.53095
2025-10-18;10.53138
2025-10-17;10.6393
2025-10-16;10.60705
2025-10-15;10.55034
2025-10-14;10.55861
2025-10-13;10.50599
2025-10-12;10.50642
2025-10-11;10.50684
2025-10-10;10.52723
2025-10-09;10.57241
2025-10-08;10.51825
2025-10-07;10.52882
2025-10-06;10.4934
2025-10-05;10.49383
2025-10-04;10.49425
2025-10-03;10.45365
2025-10-02;10.46998
2025-10-01;10.4383
2025-09-30;10.44383
2025-09-29;10.40516
2025-09-28;10.40558
2025-09-27;10.40599
2025-09-26;10.36828
2025-09-25;10.3599
2025-09-24;10.36712
2025-09-23;10.35202
2025-09-22;10.32796
2025-09-21;10.32837
2025-09-20;10.32879
2025-09-19;10.29034
2025-09-18;10.29323
2025-09-17;10.29691
2025-09-16;10.32059
2025-09-15;10.3088
2025-09-14;10.30922
2025-09-13;10.30963
2025-09-12;10.30002
2025-09-11;10.26581
2025-09-10;10.23546
2025-09-09;10.23726
2025-09-08;10.20141
2025-09-07;10.20181
2025-09-06;10.20222
2025-09-05;10.18014
2025-09-04;10.1805
2025-09-03;10.1542
2025-09-02;10.16313
2025-09-01;10.14717
2025-08-31;10.14758
2025-08-30;10.14801
2025-08-29;10.13321
2025-08-28;10.13205
2025-08-27;10.12025
2025-08-26;10.13353
2025-08-25;10.14107
2025-08-24;10.14148
2025-08-23;10.14188
2025-08-22;10.07874
2025-08-21;10.06945
2025-08-20;10.04316
2025-08-19;10.05906
2025-08-18;10.07103
2025-08-17;10.07143
2025-08-16;10.07183
2025-08-15;10.07873
2025-08-14;10.07241
2025-08-13;10.05349
2025-08-12;10.04482
2025-08-11;10.04725
2025-08-10;10.04765
2025-08-09;10.04805
2025-08-08;10.05193
2025-08-07;10.02668
2025-08-06;10.02807
2025-08-05;9.95689
2025-08-04;9.93462
2025-08-03;9.93501
2025-08-02;9.93541
2025-08-01;9.96451
2025-07-31;9.96418
2025-07-30;10.01225
2025-07-29;9.99093
2025-07-28;9.998
2025-07-27;9.9984
2025-07-26;9.99879
2025-07-25;10.01132
2025-07-24;10.03167
2025-07-23;10.02121
2025-07-22;9.99311
2025-07-21;9.94395
2025-07-20;9.94434
2025-07-19;9.94474
2025-07-18;9.947
2025-07-17;9.92677
2025-07-16;9.92363
2025-07-15;9.93387
2025-07-14;9.9407
2025-07-13;9.94109
2025-07-12;9.94148
2025-07-11;9.93311
2025-07-10;9.90803
2025-07-09;9.89914
2025-07-08;9.90856
2025-07-07;9.90639
2025-07-06;9.90678
2025-07-05;9.90717
2025-07-04;9.91016
2025-07-03;9.89113
2025-07-02;9.88032
2025-07-01;9.86737
2025-06-30;9.85249
2025-06-29;9.85288
2025-06-28;9.85327
2025-06-27;9.87522
2025-06-26;9.87195
2025-06-25;9.86191
2025-06-24;9.87406
2025-06-23;9.85888
2025-06-22;9.85927
2025-06-21;9.85966
2025-06-20;9.87348
2025-06-19;9.89197
2025-06-18;9.88518
2025-06-17;9.89927
2025-06-16;9.90626
2025-06-15;9.90665
2025-06-14;9.90704
2025-06-13;9.90376
2025-06-12;9.91139
2025-06-11;9.90163
2025-06-10;9.90311
2025-06-09;9.87509
2025-06-08;9.87548
2025-06-07;9.87587
2025-06-06;9.87973
2025-06-05;9.87795
2025-06-04;9.85771
2025-06-03;9.85609
2025-06-02;9.81256
2025-06-01;9.81295
2025-05-31;9.81334
2025-05-30;9.83946
2025-05-29;9.81697
2025-05-28;9.80894
2025-05-27;9.812
2025-05-26;9.81225
2025-05-25;9.81266
2025-05-24;9.81308
2025-05-23;9.78266
2025-05-22;9.79169
2025-05-21;9.81613
2025-05-20;9.76517
2025-05-19;9.7762
2025-05-18;9.77661
2025-05-17;9.77703
2025-05-16;9.76788
2025-05-15;9.75041
2025-05-14;9.79074
2025-05-13;9.77878
2025-05-12;9.75268
2025-05-11;9.75309
2025-05-10;9.75351
2025-05-09;9.72803
2025-05-08;9.71735
2025-05-07;9.73398
2025-05-06;9.71089
2025-05-05;9.67391
2025-05-04;9.67432
2025-05-03;9.67473
2025-05-02;9.65061
2025-05-01;9.6644
2025-04-30;9.65775
2025-04-29;9.66909
2025-04-28;9.64358
2025-04-27;9.64399
2025-04-26;9.6444
2025-04-25;9.64624
2025-04-24;9.59347
2025-04-23;9.55772
2025-04-22;9.59353
2025-04-21;9.55897
2025-04-20;9.55937
2025-04-19;9.55978
2025-04-18;9.56018
2025-04-17;9.55712
2025-04-16;9.52961
2025-04-15;9.49177
2025-04-14;9.41595
2025-04-13;9.41635
2025-04-12;9.41674
2025-04-11;9.41292
2025-04-10;9.3071
2025-04-09;9.37736
2025-04-08;9.30578
2025-04-07;9.44701
2025-04-06;9.44741
2025-04-05;9.44781
2025-04-04;9.62948
2025-04-03;9.78305
2025-04-02;9.80201
2025-04-01;9.77311
2025-03-31;9.80081
2025-03-30;9.80125
2025-03-29;9.80167
2025-03-28;9.8265
2025-03-27;9.80543
2025-03-26;9.80502
2025-03-25;9.79217
2025-03-24;9.77635
2025-03-23;9.77677
2025-03-22;9.77718
2025-03-21;9.80723
2025-03-20;9.86013
2025-03-19;9.85194
2025-03-18;9.82134
2025-03-17;9.76383
2025-03-16;9.76424
2025-03-15;9.76466
2025-03-14;9.76925
2025-03-13;9.66133
2025-03-12;9.65997
2025-03-11;9.69466
2025-03-10;9.73799
2025-03-09;9.73841
2025-03-08;9.73882
2025-03-07;9.77117
2025-03-06;9.78066
2025-03-05;9.81141
2025-03-04;9.88972
2025-03-03;9.86059
2025-03-02;9.86101
2025-03-01;9.86143
2025-02-28;9.89332
2025-02-27;9.91533
2025-02-26;9.87289
2025-02-25;9.92067
2025-02-24;9.95963
2025-02-23;9.96005
2025-02-22;9.96047
2025-02-21;9.95875
2025-02-20;9.95525
2025-02-19;9.92254
2025-02-18;9.89651
2025-02-17;9.8948
2025-02-16;9.89522
2025-02-15;9.89564
2025-02-14;9.92513
2025-02-13;9.91771
2025-02-12;9.93655
2025-02-11;9.9569
2025-02-10;9.90487
2025-02-09;9.90529
2025-02-08;9.90571
2025-02-07;9.90121
2025-02-06;9.86962
2025-02-05;9.87313
2025-02-04;9.86272
2025-02-03;9.84387
2025-02-02;9.84428
2025-02-01;9.8496
2025-01-31;9.83243
2025-01-30;9.76713
2025-01-29;9.74486
2025-01-28;9.70012
2025-01-27;9.75271
2025-01-26;9.75313
2025-01-25;9.75354
2025-01-24;9.74889
2025-01-23;9.74703
2025-01-22;9.74977
2025-01-21;9.73675
2025-01-20;9.73495
2025-01-19;9.73536
2025-01-18;9.73577
2025-01-17;9.72336
2025-01-16;9.70174
2025-01-15;9.66578
2025-01-14;9.65053
2025-01-13;9.67598
2025-01-12;9.67639
2025-01-11;9.6768
2025-01-10;9.67157
2025-01-09;9.67608
2025-01-08;9.65668
2025-01-07;9.65389
2025-01-06;9.65346
2025-01-05;9.65387
2025-01-04;9.65428
2025-01-03;9.6603
2025-01-02;9.59096
2025-01-01;9.59136
2024-12-31;9.56872
2024-12-30;9.58806
2024-12-29;9.58847
2024-12-28;9.58887
2024-12-27;9.60994
2024-12-26;9.60388
2024-12-25;9.60428
2024-12-24;9.5899
2024-12-23;9.58747
2024-12-22;9.58787
2024-12-21;9.58828
2024-12-20;9.58611
2024-12-19;9.64461
2024-12-18;9.66932
2024-12-17;9.69391
2024-12-16;9.71405
2024-12-15;9.71446
2024-12-14;9.71439
2024-12-13;9.7538
2024-12-12;9.78128
2024-12-11;9.76194
2024-12-10;9.76288
2024-12-09;9.71779
2024-12-08;9.7182
2024-12-07;9.71861
2024-12-06;9.73842
2024-12-05;9.74827
2024-12-04;9.74984
2024-12-03;9.71809
2024-12-02;9.70234
2024-12-01;9.70275
2024-11-30;9.70315
2024-11-29;9.67801
2024-11-28;9.66996
2024-11-27;9.65916
2024-11-26;9.66334
2024-11-25;9.70195
2024-11-24;9.70235
2024-11-23;9.70276
2024-11-22;9.64267
2024-11-21;9.61691
2024-11-20;9.60077
2024-11-19;9.6115
2024-11-18;9.57939
2024-11-17;9.57978
2024-11-16;9.58018
2024-11-15;9.60538
2024-11-14;9.5845
2024-11-13;9.60672
2024-11-12;9.63678
2024-11-11;9.63634
2024-11-10;9.63674
2024-11-09;9.63715
2024-11-08;9.66251
2024-11-07;9.61554
2024-11-06;9.60024
2024-11-05;9.59299
2024-11-04;9.59733
2024-11-03;9.59773
2024-11-02;9.59813
2024-11-01;9.59061
2024-10-31;9.66323
2024-10-30;9.68689
2024-10-29;9.68032
2024-10-28;9.67574
2024-10-27;9.67614
2024-10-26;9.67655
2024-10-25;9.6854
2024-10-24;9.69297
2024-10-23;9.71592
2024-10-22;9.70226
2024-10-21;9.71867
2024-10-20;9.71907
2024-10-19;9.71948
2024-10-18;9.67964
2024-10-17;9.66437
2024-10-16;9.64916
2024-10-15;9.65854
2024-10-14;9.65292
2024-10-13;9.65332
2024-10-12;9.65372
2024-10-11;9.63009
2024-10-10;9.60588
2024-10-09;9.59696
2024-10-08;9.64684
2024-10-07;9.65346
2024-10-06;9.65387
2024-10-05;9.65427
2024-10-04;9.64411
2024-10-03;9.64252
2024-10-02;9.63612
2024-10-01;9.60232
2024-09-30;9.62819
2024-09-29;9.62859
2024-09-28;9.62899
2024-09-27;9.63449
2024-09-26;9.58594
2024-09-25;9.60171
2024-09-24;9.55693
2024-09-23;9.54314
2024-09-22;9.54353
2024-09-21;9.54392
2024-09-20;9.55036
2024-09-19;9.51576
2024-09-18;9.51739
2024-09-17;9.50738
2024-09-16;9.50333
2024-09-15;9.50372
2024-09-14;9.50411
2024-09-13;9.47256
2024-09-12;9.42332
2024-09-11;9.41789
2024-09-10;9.41639
2024-09-09;9.40381
2024-09-08;9.4042
2024-09-07;9.40458
2024-09-06;9.4353
2024-09-05;9.43312
2024-09-04;9.45526
2024-09-03;9.4799
2024-09-02;9.48866
2024-09-01;9.48905
2024-08-31;9.49057
2024-08-30;9.4869
2024-08-29;9.45517
2024-08-28;9.46966
2024-08-27;9.48116
2024-08-26;9.48288
2024-08-25;9.48327
2024-08-24;9.48366
2024-08-23;9.44786
2024-08-22;9.46967
2024-08-21;9.46283
2024-08-20;9.47383
2024-08-19;9.45846
2024-08-18;9.45884
2024-08-17;9.45923
2024-08-16;9.4146
2024-08-15;9.37
2024-08-14;9.38296
2024-08-13;9.37145
2024-08-12;9.34993
2024-08-11;9.35031
2024-08-10;9.35069
2024-08-09;9.32906
2024-08-08;9.33027
2024-08-07;9.29715
2024-08-06;9.29535
2024-08-05;9.37689
2024-08-04;9.37727
2024-08-03;9.37765
2024-08-02;9.46707
2024-08-01;9.49008
2024-07-31;9.42458
2024-07-30;9.40945
2024-07-29;9.40035
2024-07-28;9.40045
2024-07-27;9.40084
2024-07-26;9.38521
2024-07-25;9.47101
2024-07-24;9.49168
2024-07-23;9.49142
2024-07-22;9.48689
2024-07-21;9.48728
2024-07-20;9.48767
2024-07-19;9.52531
2024-07-18;9.53594
2024-07-17;9.56662
2024-07-16;9.5403
2024-07-15;9.54767
2024-07-14;9.54806
2024-07-13;9.54845
2024-07-12;9.55115
2024-07-11;9.50807
2024-07-10;9.48755
2024-07-09;9.48579
2024-07-08;9.48932
2024-07-07;9.48971
2024-07-06;9.49009
2024-07-05;9.47007
2024-07-04;9.45215
2024-07-03;9.40638
2024-07-02;9.413
2024-07-01;9.43836
2024-06-30;9.43874
2024-06-29;9.43912
2024-06-28;9.42375
2024-06-27;9.42027
2024-06-26;9.43956
2024-06-25;9.44698
2024-06-24;9.44184
2024-06-23;9.44222
2024-06-22;9.44261
2024-06-21;9.46392
2024-06-20;9.43483
2024-06-19;9.49248
2024-06-18;9.47354
2024-06-17;9.48339
2024-06-16;9.48378
2024-06-15;9.48416
2024-06-14;9.42239
2024-06-13;9.44036
2024-06-12;9.43211
2024-06-11;9.44073
2024-06-10;9.42504
2024-06-09;9.42542
2024-06-08;9.4258
2024-06-07;9.47896
2024-06-06;9.44132
2024-06-05;9.40597
2024-06-04;9.43659
2024-06-03;9.41728
2024-06-02;9.41766
2024-06-01;9.41804
2024-05-31;9.43716
2024-05-30;9.44198
2024-05-29;9.48002
2024-05-28;9.47492
2024-05-27;9.46385
2024-05-26;9.46423
2024-05-25;9.46462
2024-05-24;9.486
2024-05-23;9.5089
2024-05-22;9.53903
2024-05-21;9.5475
2024-05-20;9.53753
2024-05-19;9.53792
2024-05-18;9.53831
2024-05-17;9.50581
2024-05-16;9.50204
2024-05-15;9.48133
2024-05-14;9.47447
2024-05-13;9.47912
2024-05-12;9.4795
2024-05-11;9.47988
2024-05-10;9.47299
2024-05-09;9.45691
2024-05-08;9.44177
2024-05-07;9.43546
2024-05-06;9.40506
2024-05-05;9.40544
2024-05-04;9.40581
2024-05-03;9.40987
2024-05-02;9.39125
2024-05-01;9.39159
2024-04-30;9.42322
2024-04-29;9.40325
2024-04-28;9.40363
2024-04-27;9.40401
2024-04-26;9.37031
2024-04-25;9.41005
2024-04-24;9.40725
2024-04-23;9.39757
2024-04-22;9.40987
2024-04-21;9.41025
2024-04-20;9.41062
2024-04-19;9.41277
2024-04-18;9.41331
2024-04-17;9.40811
2024-04-16;9.49799
2024-04-15;9.52203
2024-04-14;9.52241
2024-04-13;9.52279
2024-04-12;9.48811
2024-04-11;9.4728
2024-04-10;9.47439
2024-04-09;9.47368
2024-04-08;9.45062
2024-04-07;9.451
2024-04-06;9.45137
2024-04-05;9.4544
2024-04-04;9.45353
2024-04-03;9.43738
2024-04-02;9.42035
2024-04-01;9.4161
2024-03-31;9.41661
2024-03-30;9.41698
2024-03-29;9.41968
2024-03-28;9.38474
2024-03-27;9.37655
2024-03-26;9.37358
2024-03-25;9.37223
2024-03-24;9.3726
2024-03-23;9.37298
2024-03-22;9.378
2024-03-21;9.33622
2024-03-20;9.32116
2024-03-19;9.31553
2024-03-18;9.32639
2024-03-17;9.32681
2024-03-16;9.32722
2024-03-15;9.33093
2024-03-14;9.33474
2024-03-13;9.31386
2024-03-12;9.31668
2024-03-11;9.32345
2024-03-10;9.32386
2024-03-09;9.32428
2024-03-08;9.31805
2024-03-07;9.29131
2024-03-06;9.27307
2024-03-05;9.26396
2024-03-04;9.24833
2024-03-03;9.24874
2024-03-02;9.24915
2024-03-01;9.20956
2024-02-29;9.18704
2024-02-28;9.1943
2024-02-27;9.19939
2024-02-26;9.21068
2024-02-25;9.21109
2024-02-24;9.2115
2024-02-23;9.22352
2024-02-22;9.20016
2024-02-21;9.20576
2024-02-20;9.20684
2024-02-19;9.21158
2024-02-18;9.21199
2024-02-17;9.2124
2024-02-16;9.2124
2024-02-15;9.19198
2024-02-14;9.17318
2024-02-13;9.15045
2024-02-12;9.20453
2024-02-11;9.18017
2024-02-10;9.18058
2024-02-09;9.18098
2024-02-08;9.19113
2024-02-07;9.19376
2024-02-06;9.19759
2024-02-05;9.17498
2024-02-04;9.1742
2024-02-03;9.1746
2024-02-02;9.175
2024-02-01;9.18411
2024-01-31;9.17109
2024-01-30;9.15414
2024-01-29;9.15148
2024-01-28;9.11941
2024-01-27;9.1198
2024-01-26;9.1202
2024-01-25;9.10478
2024-01-24;9.09349
2024-01-23;9.07106
2024-01-22;9.06794
2024-01-21;9.05608
2024-01-20;9.05648
2024-01-19;9.05687
2024-01-18;9.04881
2024-01-17;9.05203
2024-01-16;9.10907
2024-01-15;9.13429
2024-01-14;9.13533
2024-01-13;9.13573
2024-01-12;9.13613
2024-01-11;9.09172
2024-01-10;9.08808
2024-01-09;9.09582
2024-01-08;9.10013
2024-01-07;9.11737
2024-01-06;9.11777
2024-01-05;9.11817
2024-01-04;9.12002
2024-01-03;9.12776
2024-01-02;9.16414
2024-01-01;9.18047
2023-12-31;9.17184
2023-12-30;9.16699
2023-12-29;9.16745
2023-12-28;9.17484
2023-12-27;9.16299
2023-12-26;9.15336
2023-12-25;9.14877
2023-12-24;9.14882
2023-12-23;9.14922
2023-12-22;9.14962
2023-12-21;9.14585
2023-12-20;9.14739
2023-12-19;9.13101
2023-12-18;9.10317
2023-12-17;9.11413
2023-12-16;9.11453
2023-12-15;9.11492
2023-12-14;9.10713
2023-12-13;9.05687
2023-12-12;9.04192
2023-12-11;9.04461
2023-12-10;9.04934
2023-12-09;9.04974
2023-12-08;9.05013
2023-12-07;9.06208
2023-12-06;9.07059
2023-12-05;9.04439
2023-12-04;9.0354
2023-12-03;9.0468
2023-12-02;9.04719
2023-12-01;9.04759
2023-11-30;9.01899
2023-11-29;8.99668
2023-11-28;8.98581
2023-11-27;8.96804
2023-11-26;8.95464
2023-11-25;8.95503
2023-11-24;8.95542
2023-11-23;8.95001
2023-11-22;8.9454
2023-11-21;8.93684
2023-11-20;8.9148
2023-11-19;8.90542
2023-11-18;8.90581
2023-11-17;8.90619
2023-11-16;8.90294
2023-11-15;8.89056
2023-11-14;8.8616
2023-11-13;8.83599
2023-11-12;8.80605
2023-11-11;8.80643
2023-11-10;8.80682
2023-11-09;8.85583
2023-11-08;8.84317
2023-11-07;8.85711
2023-11-06;8.86407
2023-11-05;8.86594
2023-11-04;8.86632
2023-11-03;8.86671
2023-11-02;8.83073
2023-11-01;8.7951
2023-10-31;8.77172
2023-10-30;8.7663
2023-10-29;8.7667
2023-10-28;8.76708
2023-10-27;8.76747
2023-10-26;8.77461
2023-10-25;8.78458
2023-10-24;8.7851
2023-10-23;8.76337
2023-10-22;8.79354
2023-10-21;8.79392
2023-10-20;8.7943
2023-10-19;8.80341
2023-10-18;8.8337
2023-10-17;8.84928
2023-10-16;8.85711
2023-10-15;8.86199
2023-10-14;8.86238
2023-10-13;8.86276
2023-10-12;8.84592
2023-10-11;8.83691
2023-10-10;8.81362
2023-10-09;8.78357
2023-10-08;8.74682
2023-10-07;8.7472
2023-10-06;8.74758
2023-10-05;8.73045
2023-10-04;8.72426
2023-10-03;8.77912
2023-10-02;8.80039
2023-10-01;8.8272
2023-09-30;8.82759
2023-09-29;8.82797
2023-09-28;8.81874
2023-09-27;8.85458
2023-09-26;8.87221
2023-09-25;8.88569
2023-09-24;8.90069
2023-09-23;8.90107
2023-09-22;8.90146
2023-09-21;8.89625
2023-09-20;8.92498
2023-09-19;8.91014
2023-09-18;8.92198
2023-09-17;8.94219
2023-09-16;8.94258
2023-09-15;8.94297
2023-09-14;8.92979
2023-09-13;8.8892
2023-09-12;8.89723
2023-09-11;8.89647
2023-09-10;8.89665
2023-09-09;8.89704
2023-09-08;8.89743
2023-09-07;8.8934
2023-09-06;8.89728
2023-09-05;8.91287
2023-09-04;8.93074
2023-09-03;8.92691
2023-09-02;8.9273
2023-09-01;8.92769
2023-08-31;8.91505
2023-08-30;8.91054
2023-08-29;8.91677
2023-08-28;8.88407
2023-08-27;8.87583
2023-08-26;8.87621
2023-08-25;8.8766
2023-08-24;8.88612
2023-08-23;8.86034
2023-08-22;8.83659
2023-08-21;8.80642
2023-08-20;8.81067
2023-08-19;8.81106
2023-08-18;8.81144
2023-08-17;8.83626
2023-08-16;8.8493
2023-08-15;8.86198
2023-08-14;8.87741
2023-08-13;8.88282
2023-08-12;8.88321
2023-08-11;8.8836
2023-08-10;8.90411
2023-08-09;8.89706
2023-08-08;8.89078
2023-08-07;8.87967
2023-08-06;8.90114
2023-08-05;8.90152
2023-08-04;8.90191
2023-08-03;8.90359
2023-08-02;8.92158
2023-08-01;8.95973
2023-07-31;8.97838
2023-07-30;8.95014
2023-07-29;8.95053
2023-07-28;8.95092
2023-07-27;8.9551
2023-07-26;8.95918
2023-07-25;8.96634
2023-07-24;8.94612
2023-07-23;8.92369
2023-07-22;8.92408
2023-07-21;8.92447
2023-07-20;8.92253
2023-07-19;8.92082
2023-07-18;8.91019
2023-07-17;8.8856
2023-07-16;8.90232
2023-07-15;8.90271
2023-07-14;8.9031
2023-07-13;8.90467
2023-07-12;8.86581
2023-07-11;8.81431
2023-07-10;8.80175
2023-07-09;8.81877
2023-07-08;8.81915
2023-07-07;8.81953
2023-07-06;8.82868
2023-07-05;8.89511
2023-07-04;8.91445
2023-07-03;8.90962
2023-07-02;8.88667
2023-07-01;8.88705
2023-06-30;8.88744
2023-06-29;8.88007
2023-06-28;8.88768
2023-06-27;8.87654
2023-06-26;8.88914
2023-06-25;8.87234
2023-06-24;8.87272
2023-06-23;8.8731
2023-06-22;8.8731
2023-06-21;8.90384
2023-06-20;8.92511
2023-06-19;8.95763
2023-06-18;8.969
2023-06-17;8.96938
2023-06-15;8.95022
2023-06-14;8.9714
2023-06-13;8.96744
2023-06-12;8.97032
2023-06-11;8.96695
2023-06-10;8.96734
2023-06-09;8.96773
2023-06-08;8.96616
2023-06-07;8.96389
2023-06-06;8.97186
2023-06-05;8.95497
2023-06-04;8.95833
2023-06-03;8.95871
2023-06-02;8.9591
2023-06-01;8.9424
2023-05-31;8.90899
2023-05-30;8.90128
2023-05-29;8.89404
2023-05-28;8.88238
2023-05-27;8.88276
2023-05-26;8.88314
2023-05-25;8.86908
2023-05-24;8.88769
2023-05-23;8.92424
2023-05-22;8.92933
2023-05-21;8.93452
2023-05-20;8.9349
2023-05-18;8.91807
2023-05-17;8.9348
2023-05-16;8.94055
2023-05-15;8.96859
2023-05-14;8.95833
2023-05-13;8.95872
2023-05-12;8.95911
2023-05-11;8.95157
2023-05-10;8.95379
2023-05-09;8.96747
2023-05-08;8.96255
2023-05-07;8.9529
2023-05-06;8.9533
2023-05-05;8.9537
2023-05-04;8.95175
2023-05-03;8.93806
2023-05-02;8.93037
2023-05-01;8.93581
2023-04-30;8.93621
2023-04-29;8.93661
2023-04-28;8.937
2023-04-27;8.9103
2023-04-26;8.91189
2023-04-25;8.91189
2023-04-24;8.92361
2023-04-23;8.92914
2023-04-22;8.92953
2023-04-21;8.92993
2023-04-20;8.9471
2023-04-19;8.94359
2023-04-18;8.96169
2023-04-17;8.96591
2023-04-16;8.95878
2023-04-15;8.95918
2023-04-14;8.95957
2023-04-13;8.96393
2023-04-12;8.95613
2023-04-11;8.96535
2023-04-10;8.95156
2023-04-09;8.95631
2023-04-08;8.95671
2023-04-07;8.95711
2023-04-06;8.95668
2023-04-05;8.95701
2023-04-04;8.95169
2023-04-03;8.91267
2023-04-02;8.89603
2023-04-01;8.89642
2023-03-31;8.89682
2023-03-30;8.87169
2023-03-29;8.85429
2023-03-28;8.8439
2023-03-27;8.84024
2023-03-26;8.85326
2023-03-25;8.85366
2023-03-24;8.85405
2023-03-23;8.8385
2023-03-22;8.82153
2023-03-21;8.81415
2023-03-20;8.83569
2023-03-19;8.83811
2023-03-18;8.8385
2023-03-17;8.83889
2023-03-16;8.8386
2023-03-15;8.83166
2023-03-14;8.83429
2023-03-13;8.83367
2023-03-12;8.83808
2023-03-11;8.83848
2023-03-10;8.83887
2023-03-09;8.84215
2023-03-08;8.85631
2023-03-07;8.8655
2023-03-06;8.88105
2023-03-05;8.89649
2023-03-04;8.89689
2023-03-03;8.89728
2023-03-02;8.85629
2023-03-01;8.84324
2023-02-28;8.84717
2023-02-27;8.85421
2023-02-26;8.84429
2023-02-25;8.84468
2023-02-24;8.84517
2023-02-23;8.86519
2023-02-22;8.85266
2023-02-21;8.88124
2023-02-20;8.90474
2023-02-19;8.94143
2023-02-18;8.94182
2023-02-17;8.94222
2023-02-16;8.96295
2023-02-15;8.96962
2023-02-14;8.97851
2023-02-13;8.97756
2023-02-12;8.97104
2023-02-11;8.97144
2023-02-10;8.97184
2023-02-09;8.99437
2023-02-08;8.99954
2023-02-07;8.9951
2023-02-06;8.99679
2023-02-05;9.00975
2023-02-04;9.01015
2023-02-03;9.01055
2023-02-02;9.01172
2023-02-01;8.99073
2023-01-31;8.98667
2023-01-30;9.00671
2023-01-29;9.02599
2023-01-28;9.02639
2023-01-27;9.02679
2023-01-26;9.02503
2023-01-25;9.01235
2023-01-24;9.02417
2023-01-23;9.01853
2023-01-22;9.00957
2023-01-21;9.00997
2023-01-20;9.01037
2023-01-19;9.00976
2023-01-18;9.02689
2023-01-17;9.02694
2023-01-16;9.02
2023-01-15;9.02062
2023-01-14;9.02102
2023-01-13;9.02142
2023-01-12;8.99163
2023-01-11;8.97421
2023-01-10;8.95754
2023-01-09;8.95495
2023-01-08;8.96301
2023-01-07;8.96341
2023-01-06;8.9638
2023-01-05;8.94296
2023-01-04;8.93037
2023-01-03;8.90322
2023-01-02;8.87185
2023-01-01;8.8567
2022-12-31;8.85709
2022-12-30;8.8576
2022-12-29;8.8616
2022-12-28;8.84927
2022-12-27;8.87397
2022-12-26;8.86334
2022-12-25;8.86569
2022-12-24;8.86608
2022-12-23;8.86647
2022-12-22;8.8712
2022-12-21;8.88253
2022-12-20;8.85502
2022-12-19;8.85413
2022-12-18;8.87323
2022-12-17;8.87362
2022-12-16;8.87401
2022-12-15;8.89993
2022-12-14;8.96778
2022-12-13;8.97365
2022-12-12;8.93915
2022-12-11;8.97429
2022-12-10;8.97469
2022-12-09;8.97509
2022-12-08;8.96871
2022-12-07;8.95525
2022-12-06;8.96555
2022-12-05;8.98806
2022-12-04;9.01442
2022-12-03;9.01482
2022-12-02;9.01522
2022-12-01;9.00732
2022-11-30;8.98718
2022-11-29;8.92828
2022-11-28;8.9262
2022-11-27;8.93989
2022-11-26;8.94029
2022-11-25;8.94069
2022-11-24;8.94164
2022-11-23;8.92842
2022-11-22;8.91114
2022-11-21;8.89254
2022-11-20;8.88891
2022-11-19;8.8893
2022-11-18;8.8897
2022-11-17;8.88787
2022-11-16;8.90225
2022-11-15;8.92198
2022-11-14;8.91418
2022-11-13;8.89887
2022-11-12;8.89926
2022-11-11;8.89966
2022-11-10;8.87562
2022-11-09;8.8335
2022-11-08;8.8489
2022-11-07;8.82909
2022-11-06;8.82707
2022-11-05;8.82746
2022-11-04;8.82786
2022-11-03;8.8097
2022-11-02;8.83138
2022-11-01;8.83875
2022-10-31;8.80129
2022-10-30;8.77727
2022-10-29;8.77766
2022-10-28;8.77805
2022-10-27;8.79314
2022-10-26;8.7854
2022-10-25;8.75915
2022-10-24;8.74725
2022-10-23;8.76958
2022-10-22;8.76997
2022-10-21;8.77036
2022-10-20;8.77877
2022-10-19;8.775
2022-10-18;8.76364
2022-10-17;8.77258
2022-10-16;8.76344
2022-10-15;8.76383
2022-10-14;8.76422
2022-10-13;8.77236
2022-10-12;8.79428
2022-10-11;8.80465
2022-10-10;8.83607
2022-10-09;8.89046
2022-10-08;8.89086
2022-10-07;8.89125
2022-10-06;8.8904
2022-10-05;8.88386
2022-10-04;8.87891
2022-10-03;8.81585
2022-10-02;8.80314
2022-10-01;8.80353
2022-09-30;8.80392
2022-09-29;8.80269
2022-09-28;8.83913
2022-09-27;8.83298
2022-09-26;8.85649
2022-09-25;8.88459
2022-09-24;8.88498
2022-09-23;8.88538
2022-09-22;8.93271
2022-09-21;8.95092
2022-09-20;8.92995
2022-09-19;8.93392
2022-09-18;8.94337
2022-09-17;8.94377
2022-09-16;8.94416
2022-09-15;8.98388
2022-09-14;9.01116
2022-09-13;9.01276
2022-09-12;9.02262
2022-09-11;9.01535
2022-09-10;9.01575
2022-09-09;9.01615
2022-09-08;8.9998
2022-09-07;8.98315
2022-09-06;9.00611
2022-09-05;9.02707
2022-09-04;9.00342
2022-09-03;9.00382
2022-09-02;9.00422
2022-09-01;9.00188
2022-08-31;9.0428
2022-08-30;9.07147
2022-08-29;9.11849
2022-08-28;9.15439
2022-08-27;9.15479
2022-08-26;9.15471
2022-08-25;9.17239
2022-08-24;9.15452
2022-08-23;9.13818
2022-08-22;9.14419
2022-08-21;9.1352
2022-08-20;9.1356
2022-08-19;9.13601
2022-08-18;9.14001
2022-08-17;9.1399
2022-08-16;9.14711
2022-08-15;9.13637
2022-08-14;9.13571
2022-08-13;9.13611
2022-08-12;9.13652
2022-08-11;9.11998
2022-08-10;9.11412
2022-08-09;9.12155
2022-08-08;9.12888
2022-08-07;9.10813
2022-08-06;9.10853
2022-08-05;9.10894
2022-08-04;9.12111
2022-08-03;9.11054
2022-08-02;9.12213
2022-08-01;9.10108
2022-07-31;9.11043
2022-07-30;9.11083
2022-07-29;9.11124
2022-07-28;9.08312
2022-07-27;9.04764
2022-07-26;9.03366
2022-07-25;9.00886
2022-07-24;9.02337
2022-07-23;9.02377
2022-07-22;9.02417
2022-07-21;9.00956
2022-07-20;8.99244
2022-07-19;8.97117
2022-07-18;8.98694
2022-07-17;8.95906
2022-07-16;8.95946
2022-07-15;8.95986
2022-07-14;8.97089
2022-07-13;9.00819
2022-07-12;9.00964
2022-07-11;9.01179
2022-07-10;9.01971
2022-07-09;9.02011
2022-07-08;9.02051
2022-07-07;9.01451
2022-07-06;8.97667
2022-07-05;8.97442
2022-07-04;9.00025
2022-07-03;8.98084
2022-07-02;8.98124
2022-07-01;8.98164
2022-06-30;8.98304
2022-06-29;9.00767
2022-06-28;9.03101
2022-06-27;9.0288
2022-06-26;9.01684
2022-06-25;9.01724
2022-06-24;9.01765
2022-06-23;8.9814
2022-06-22;8.98891
2022-06-21;9.00638
2022-06-20;8.9949
2022-06-19;9.00507
2022-06-18;9.00547
2022-06-17;9.00588
2022-06-16;9.02287
2022-06-15;9.07013
2022-06-14;9.06202
2022-06-13;9.09339
2022-06-12;9.16872
2022-06-11;9.16912
2022-06-10;9.16953
2022-06-09;9.17813
2022-06-08;9.18667
2022-06-07;9.18249
2022-06-06;9.18013
2022-06-05;9.16735
2022-06-04;9.16776
2022-06-03;9.16816
2022-06-02;9.16562
2022-06-01;9.16009
2022-05-31;9.16274
2022-05-30;9.17779
2022-05-29;9.15243
2022-05-28;9.15283
2022-05-27;9.15324
2022-05-26;9.12478
2022-05-25;9.11198
2022-05-24;9.09104
2022-05-23;9.12505
2022-05-22;9.12229
2022-05-21;9.1227
2022-05-20;9.12311
2022-05-19;9.11666
2022-05-18;9.15278
2022-05-17;9.1603
2022-05-16;9.16504
2022-05-15;9.14265
2022-05-14;9.14306
2022-05-13;9.14347
2022-05-12;9.10947
2022-05-11;9.11529
2022-05-10;9.06275
2022-05-09;9.12716
2022-05-08;9.20479
2022-05-07;9.2052
2022-05-06;9.20561
2022-05-05;9.26348
2022-05-04;9.27085
2022-05-03;9.30668
2022-05-02;9.28902
2022-05-01;9.34361
2022-04-30;9.34403
2022-04-29;9.34445
2022-04-28;9.30507
2022-04-27;9.28766
2022-04-26;9.2758
2022-04-25;9.26143
2022-04-24;9.33596
2022-04-23;9.33638
2022-04-22;9.3368
2022-04-21;9.39032
2022-04-20;9.40858
2022-04-19;9.42191
2022-04-18;9.45861
2022-04-17;9.45419
2022-04-16;9.45461
2022-04-15;9.45503
2022-04-14;9.45546
2022-04-13;9.43469
2022-04-12;9.43482
2022-04-11;9.41457
2022-04-10;9.43287
2022-04-09;9.43329
2022-04-08;9.43371
2022-04-07;9.40554
2022-04-06;9.42983
2022-04-05;9.4645
2022-04-04;9.45216
2022-04-03;9.39821
2022-04-02;9.39863
2022-04-01;9.39905
2022-03-31;9.38716
2022-03-30;9.38055
2022-03-29;9.37622
2022-03-28;9.37694
2022-03-27;9.39422
2022-03-26;9.39464
2022-03-25;9.39506
2022-03-24;9.38147
2022-03-23;9.3777
2022-03-22;9.35896
2022-03-21;9.31571
2022-03-20;9.2907
2022-03-19;9.29112
2022-03-18;9.29153
2022-03-17;9.25665
2022-03-16;9.25458
2022-03-15;9.18781
2022-03-14;9.21964
2022-03-13;9.27218
2022-03-12;9.2726
2022-03-11;9.27301
2022-03-10;9.26401
2022-03-09;9.25285
2022-03-08;9.29827
2022-03-07;9.31665
2022-03-06;9.30175
2022-03-05;9.30217
2022-03-04;9.30258
2022-03-03;9.31803
2022-03-02;9.33722
2022-03-01;9.3369
2022-02-28;9.31806
2022-02-27;9.28505
2022-02-26;9.28547
2022-02-25;9.28588
2022-02-24;9.29251
2022-02-23;9.32687
2022-02-22;9.32622
2022-02-21;9.34036
2022-02-19;9.37403
2022-02-18;9.37445
2022-02-17;9.37812
2022-02-16;9.36007
2022-02-15;9.33906
2022-02-14;9.35537
2022-02-13;9.3582
2022-02-12;9.35862
2022-02-11;9.35904
2022-02-10;9.35256
2022-02-09;9.33
2022-02-08;9.29397
2022-02-07;9.28413
2022-02-06;9.28041
2022-02-05;9.28083
2022-02-04;9.28125
2022-02-03;9.33305
2022-02-02;9.3786
2022-02-01;9.37705
2022-01-31;9.33836
2022-01-30;9.31116
2022-01-29;9.31158
2022-01-28;9.31117
2022-01-27;9.32806
2022-01-26;9.33045
2022-01-25;9.3167
2022-01-24;9.30735
2022-01-23;9.38264
2022-01-22;9.38306
2022-01-21;9.38348
2022-01-20;9.4273
2022-01-19;9.40431
2022-01-18;9.39438
2022-01-17;9.40428
2022-01-16;9.40884
2022-01-15;9.40927
2022-01-14;9.40969
2022-01-13;9.43342
2022-01-12;9.44184
2022-01-11;9.42929
2022-01-10;9.40794
2022-01-09;9.42371
2022-01-08;9.42414
2022-01-07;9.42456
2022-01-06;9.43875
2022-01-05;9.49166
2022-01-04;9.48734
2022-01-03;9.48034
2022-01-02;9.47458
2022-01-01;9.475
2021-12-31;9.47543
2021-12-30;9.47726
2021-12-29;9.45989
2021-12-28;9.47283
2021-12-27;9.44245
2021-12-26;9.45678
2021-12-25;9.4572
2021-12-24;9.45763
2021-12-23;9.45663
2021-12-22;9.42093
2021-12-21;9.40391
2021-12-20;9.386
2021-12-19;9.42982
2021-12-18;9.43025
2021-12-17;9.43047
2021-12-16;9.43275
2021-12-15;9.39917
2021-12-14;9.42786
2021-12-13;9.45187
2021-12-12;9.46173
2021-12-11;9.46215
2021-12-10;9.46258
2021-12-09;9.46187
2021-12-08;9.47789
2021-12-07;9.48392
2021-12-06;9.40772
2021-12-05;9.39094
2021-12-04;9.39137
2021-12-03;9.39179
2021-12-02;9.38414
2021-12-01;9.42034
2021-11-30;9.40726
2021-11-29;9.4476
2021-11-28;9.46322
2021-11-27;9.46364
2021-11-26;9.46407
2021-11-25;9.54518
2021-11-24;9.54249
2021-11-23;9.53402
2021-11-22;9.57201
2021-11-21;9.58175
2021-11-20;9.58218
2021-11-19;9.58261
2021-11-18;9.58783
2021-11-17;9.61664
2021-11-16;9.60502
2021-11-15;9.58811
2021-11-14;9.57422
2021-11-13;9.57465
2021-11-12;9.57508
2021-11-11;9.55979
2021-11-10;9.54255
2021-11-09;9.51783
2021-11-08;9.51717
2021-11-07;9.49817
2021-11-06;9.4986
2021-11-05;9.49903
2021-11-04;9.47127
2021-11-03;9.44269
2021-11-02;9.44736
2021-11-01;9.45499
2021-10-31;9.45542
2021-10-30;9.45584
2021-10-29;9.45627
2021-10-28;9.45641
2021-10-27;9.48551
2021-10-26;9.49308
2021-10-25;9.47936
2021-10-24;9.45325
2021-10-23;9.45367
2021-10-22;9.4541
2021-10-21;9.44168
2021-10-20;9.45111
2021-10-19;9.43874
2021-10-18;9.41889
2021-10-17;9.423
2021-10-16;9.42342
2021-10-15;9.42385
2021-10-14;9.39582
2021-10-13;9.36378
2021-10-12;9.34701
2021-10-11;9.33561
2021-10-10;9.33832
2021-10-09;9.33874
2021-10-08;9.33916
2021-10-07;9.32912
2021-10-06;9.29883
2021-10-05;9.29425
2021-10-04;9.27474
2021-10-03;9.27717
2021-10-02;9.27758
2021-10-01;9.278
2021-09-30;9.28881
2021-09-29;9.25311
2021-09-28;9.27179
2021-09-27;9.30789
2021-09-26;9.30945
2021-09-25;9.30987
2021-09-24;9.31029
2021-09-23;9.32411
2021-09-22;9.32246
2021-09-21;9.29163
2021-09-20;9.28178
2021-09-19;9.32089
2021-09-18;9.32131
2021-09-17;9.32172
2021-09-16;9.32929
2021-09-15;9.34614
2021-09-14;9.34708
2021-09-13;9.34296
2021-09-12;9.33287
2021-09-11;9.33329
2021-09-10;9.33371
2021-09-09;9.31316
2021-09-08;9.31772
2021-09-07;9.32483
2021-09-06;9.33963
2021-09-05;9.32846
2021-09-04;9.32888
2021-09-03;9.3293
2021-09-02;9.31356
2021-09-01;9.31068
2021-08-31;9.30489
2021-08-30;9.29672
2021-08-29;9.28592
2021-08-28;9.28634
2021-08-27;9.28676
2021-08-26;9.26623
2021-08-25;9.28204
2021-08-24;9.28391
2021-08-23;9.26589
2021-08-22;9.2229
2021-08-21;9.22331
2021-08-20;9.22373
2021-08-19;9.22698
2021-08-18;9.26858
2021-08-17;9.2661
2021-08-16;9.26505
2021-08-15;9.27173
2021-08-14;9.27215
2021-08-13;9.27257
2021-08-12;9.26841
2021-08-11;9.27881
2021-08-10;9.26613
2021-08-09;9.26536
2021-08-08;9.28257
2021-08-07;9.28298
2021-08-06;9.2834
2021-08-05;9.29428
2021-08-04;9.29279
2021-08-03;9.27691
2021-08-02;9.26737
2021-08-01;9.26357
2021-07-31;9.26399
2021-07-30;9.2644
2021-07-29;9.27698
2021-07-28;9.25982
2021-07-27;9.23666
2021-07-26;9.27262
2021-07-25;9.27784
2021-07-24;9.27826
2021-07-23;9.27868
2021-07-22;9.27472
2021-07-21;9.25359
2021-07-20;9.23188
2021-07-19;9.24293
2021-07-18;9.29039
2021-07-17;9.29081
2021-07-16;9.29123
2021-07-15;9.32026
2021-07-14;9.30401
2021-07-13;9.30691
2021-07-12;9.28588
2021-07-11;9.27033
2021-07-10;9.27075
2021-07-09;9.27117
2021-07-08;9.26805
2021-07-07;9.30801
2021-07-06;9.29228
2021-07-05;9.30108
2021-07-04;9.28996
2021-07-03;9.29038
2021-07-02;9.2908
2021-07-01;9.28079
2021-06-30;9.28164
2021-06-29;9.27429
2021-06-28;9.26658
2021-06-27;9.27084
2021-06-26;9.27126
2021-06-25;9.27167
2021-06-24;9.2622
2021-06-23;9.25698
2021-06-22;9.25511
2021-06-21;9.25087
2021-06-20;9.26443
2021-06-19;9.26484
2021-06-18;9.26526
2021-06-17;9.26268
2021-06-16;9.28102
2021-06-15;9.27606
2021-06-14;9.27768
2021-06-13;9.27642
2021-06-12;9.27684
2021-06-11;9.27726
2021-06-10;9.26629
2021-06-09;9.24477
2021-06-08;9.23993
2021-06-07;9.24435
2021-06-06;9.24414
2021-06-05;9.24455
2021-06-04;9.24497
2021-06-03;9.24721
2021-06-02;9.25026
2021-06-01;9.23461
2021-05-31;9.22307
2021-05-30;9.2231
2021-05-29;9.22351
2021-05-28;9.22393
2021-05-27;9.20798
2021-05-26;9.19296
2021-05-25;9.17834
2021-05-24;9.16539
2021-05-23;9.15978
2021-05-22;9.16019
2021-05-21;9.1606
2021-05-20;9.13981
2021-05-19;9.1323
2021-05-18;9.17082
2021-05-17;9.15995
2021-05-16;9.139
2021-05-15;9.13941
2021-05-14;9.13982
2021-05-13;9.13117
2021-05-12;9.15595
2021-05-11;9.15403
2021-05-10;9.21194
2021-05-09;9.20666
2021-05-08;9.20708
2021-05-07;9.20749
2021-05-06;9.17336
2021-05-05;9.17353
2021-05-04;9.14767
2021-05-03;9.16139
2021-05-02;9.15047
2021-05-01;9.15089
2021-04-30;9.1513
2021-04-29;9.15726
2021-04-28;9.16887
2021-04-27;9.16029
2021-04-26;9.15997
2021-04-25;9.14503
2021-04-24;9.14544
2021-04-23;9.14585
2021-04-22;9.16412
2021-04-21;9.14552
2021-04-20;9.13745
2021-04-19;9.16996
2021-04-18;9.17905
2021-04-17;9.17947
2021-04-16;9.17988
2021-04-15;9.1565
2021-04-14;9.13947
2021-04-13;9.12344
2021-04-12;9.11702
2021-04-11;9.13227
2021-04-10;9.13268
2021-04-09;9.13309
2021-04-08;9.13336
2021-04-07;9.1181
2021-04-06;9.13248
2021-04-05;9.09224
2021-04-04;9.09533
2021-04-03;9.09574
2021-04-02;9.09615
2021-04-01;9.09656
2021-03-31;9.07284
2021-03-30;9.06422
2021-03-29;9.09585
2021-03-28;9.06247
2021-03-27;9.06288
2021-03-26;9.06329
2021-03-25;9.03879
2021-03-24;9.05199
2021-03-23;9.06585
2021-03-22;9.06992
2021-03-21;9.07538
2021-03-20;9.07579
2021-03-19;9.0762
2021-03-18;9.08995
2021-03-17;9.09112
2021-03-16;9.10091
2021-03-15;9.08908
2021-03-14;9.08348
2021-03-13;9.08389
2021-03-12;9.0843
2021-03-11;9.08076
2021-03-10;9.05243
2021-03-09;9.02345
2021-03-08;8.99755
2021-03-07;8.9852
2021-03-06;8.9856
2021-03-05;8.98601
2021-03-04;9.01557
2021-03-03;9.04271
2021-03-02;9.04465
2021-03-01;9.01004
2021-02-28;8.9783
2021-02-27;8.9787
2021-02-26;8.97911
2021-02-25;9.05402
2021-02-24;9.09481
2021-02-23;9.08349
2021-02-22;9.11531
2021-02-21;9.13518
2021-02-20;9.13559
2021-02-19;9.136
2021-02-18;9.14095
2021-02-17;9.17732
2021-02-16;9.18104
2021-02-15;9.1819
2021-02-14;9.14923
2021-02-13;9.14964
2021-02-12;9.15005
2021-02-10;9.12378
2021-02-08;9.12919
2021-02-07;9.10166
2021-02-06;9.10207
2021-02-05;9.10248
2021-02-04;9.06618
2021-02-03;9.05646
2021-02-02;9.03828
2021-02-01;8.99231
2021-01-31;8.9649
2021-01-30;8.9653
2021-01-29;8.96571
2021-01-28;8.98774
2021-01-27;9.00469
2021-01-26;9.04148
2021-01-25;9.03424
2021-01-24;9.04183
2021-01-23;9.04224
2021-01-22;9.04264
2021-01-21;9.08046
2021-01-20;9.0734
2021-01-19;9.03467
2021-01-18;9.03978
2021-01-17;9.04319
2021-01-16;9.0436
2021-01-15;9.044
2021-01-14;9.06823
2021-01-13;9.04281
2021-01-12;9.04254
2021-01-11;9.03322
2021-01-10;9.02957
2021-01-09;9.02998
2021-01-08;9.03038
2021-01-07;9.02585
2021-01-06;9.01154
2021-01-05;9.00647
2021-01-04;9.00138
2021-01-03;8.97615
2021-01-02;8.97615
2021-01-01;8.97615
2020-12-31;8.97615
2020-12-30;8.96353
2020-12-29;8.94214
2020-12-28;8.91927
2020-12-27;8.91665
2020-12-26;8.91706
2020-12-25;8.91746
2020-12-24;8.91786
2020-12-23;8.90957
2020-12-22;8.88858
2020-12-21;8.89784
2020-12-20;8.9196
2020-12-19;8.92
2020-12-18;8.91776
2020-12-17;8.91799
2020-12-16;8.8647
2020-12-15;8.88722
2020-12-14;8.86982
2020-12-13;8.87361
2020-12-12;8.87401
2020-12-11;8.87441
2020-12-10;8.88278
2020-12-09;8.88393
2020-12-08;8.89454
2020-12-07;8.89415
2020-12-06;8.87141
2020-12-05;8.87181
2020-12-04;8.87221
2020-12-03;8.8516
2020-12-02;8.84476
2020-12-01;8.8509
2020-11-30;8.82113
2020-11-29;8.84206
2020-11-28;8.84246
2020-11-25;8.83407
2020-11-24;8.82029
2020-11-23;8.80417
2020-11-22;8.80576
2020-11-21;8.80616
2020-11-20;8.80656
2020-11-19;8.79076
2020-11-18;8.80135
2020-11-17;8.80207
2020-11-16;8.80508
2020-11-15;8.76673
2020-11-14;8.76712
2020-11-13;8.76752
2020-11-12;8.76375
2020-11-11;8.76445
2020-11-10;8.75845
2020-11-09;8.75941
2020-11-08;8.72061
2020-11-07;8.72101
2020-11-06;8.7214
2020-11-05;8.70632
2020-11-04;8.63715
2020-11-03;8.60594
2020-11-02;8.57578
2020-11-01;8.55541
2020-10-31;8.55579
2020-10-30;8.55618
2020-10-29;8.54998
2020-10-28;8.56337
2020-10-27;8.61684
2020-10-26;8.63456
2020-10-25;8.65024
2020-10-24;8.65063
2020-10-23;8.65102
2020-10-22;8.6597
2020-10-21;8.66694
2020-10-20;8.66694
2020-10-19;8.67863
2020-10-18;8.68009
2020-10-17;8.68048
2020-10-16;8.68087
2020-10-15;8.68954
2020-10-14;8.70956
2020-10-13;8.6981
2020-10-12;8.69155
2020-10-11;8.65413
2020-10-10;8.65452
2020-10-09;8.65491
2020-10-08;8.63913
2020-10-07;8.61656
2020-10-06;8.60797
2020-10-05;8.61164
2020-10-04;8.58993
2020-10-03;8.59032
2020-10-02;8.59071
2020-10-01;8.59303
2020-09-30;8.59099
2020-09-29;8.5827
2020-09-28;8.5848
2020-09-27;8.54467
2020-09-26;8.54506
2020-09-25;8.54544
2020-09-24;8.55373
2020-09-23;8.56518
2020-09-22;8.5884
2020-09-21;8.59706
2020-09-20;8.671
2020-09-19;8.6714
2020-09-18;8.67179
2020-09-17;8.69112
2020-09-16;8.70715
2020-09-15;8.69056
2020-09-14;8.6736
2020-09-13;8.64727
2020-09-12;8.64766
2020-09-11;8.64805
2020-09-10;8.66215
2020-09-09;8.66771
2020-09-08;8.64949
2020-09-07;8.67331
2020-09-06;8.68427
2020-09-05;8.68467
2020-09-04;8.68506
2020-09-03;8.70441
2020-09-02;8.71802
2020-09-01;8.70073
2020-08-31;8.68961
2020-08-30;8.69133
2020-08-29;8.69172
2020-08-28;8.69212
2020-08-27;8.6881
2020-08-26;8.68618
2020-08-25;8.66725
2020-08-24;8.65507
2020-08-23;8.63696
2020-08-22;8.63735
2020-08-21;8.63775
2020-08-20;8.65084
2020-08-19;8.65865
2020-08-18;8.66669
2020-08-17;8.65378
2020-08-16;8.6425
2020-08-15;8.64289
2020-08-14;8.64328
2020-08-13;8.65222
2020-08-12;8.63324
2020-08-11;8.63438
2020-08-10;8.66853
2020-08-09;8.65936
2020-08-08;8.65975
2020-08-07;8.66014
2020-08-06;8.66549
2020-08-05;8.66416
2020-08-04;8.63554
2020-08-03;8.61422
2020-08-02;8.58997
2020-08-01;8.59036
2020-07-31;8.59075
2020-07-30;8.59944
2020-07-29;8.62899
2020-07-28;8.62876
2020-07-27;8.62002
2020-07-26;8.6196
2020-07-25;8.61999
2020-07-24;8.62038
2020-07-23;8.63934
2020-07-22;8.63905
2020-07-21;8.64523
2020-07-20;8.60742
2020-07-19;8.59407
2020-07-18;8.59446
2020-07-17;8.59484
2020-07-16;8.59378
2020-07-15;8.59532
2020-07-14;8.5653
2020-07-13;8.58924
2020-07-12;8.58402
2020-07-11;8.58441
2020-07-10;8.5848
2020-07-09;8.57877
2020-07-08;8.58483
2020-07-07;8.58603
2020-07-06;8.56933
2020-07-05;8.55376
2020-07-04;8.55415
2020-07-03;8.55453
2020-07-02;8.53512
2020-07-01;8.50896
2020-06-30;8.50031
2020-06-29;8.48036
2020-06-28;8.48979
2020-06-27;8.49017
2020-06-26;8.49056
2020-06-25;8.49415
2020-06-24;8.49227
2020-06-23;8.52371
2020-06-22;8.50981
2020-06-21;8.51755
2020-06-20;8.51793
2020-06-19;8.51832
2020-06-18;8.49461
2020-06-17;8.5028
2020-06-16;8.45735
2020-06-15;8.42544
2020-06-14;8.43589
2020-06-13;8.43627
2020-06-12;8.43666
2020-06-11;8.4763
2020-06-10;8.53863
2020-06-09;8.54191
2020-06-08;8.56164
2020-06-07;8.52647
2020-06-06;8.52686
2020-06-05;8.52724
2020-06-04;8.50324
2020-06-03;8.50277
2020-06-02;8.4816
2020-06-01;8.45484
2020-05-31;8.43541
2020-05-30;8.43579
2020-05-29;8.43617
2020-05-28;8.44117
2020-05-27;8.42766
2020-05-26;8.41887
2020-05-25;8.39553
2020-05-24;8.39436
2020-05-23;8.39553
2020-05-22;8.39512
2020-05-21;8.38172
2020-05-20;8.3898
2020-05-19;8.38332
2020-05-18;8.35104
2020-05-17;8.3081
2020-05-16;8.30848
2020-05-15;8.30885
2020-05-14;8.30464
2020-05-13;8.3111
2020-05-12;8.33477
2020-05-11;8.33231
2020-05-10;8.32517
2020-05-09;8.32554
2020-05-08;8.32591
2020-05-07;8.31113
2020-05-06;8.29514
2020-05-05;8.29722
2020-05-04;8.27634
2020-05-03;8.29028
2020-05-02;8.29065
2020-05-01;8.29102
2020-04-30;8.31544
2020-04-29;8.3259
2020-04-28;8.29274
2020-04-27;8.26406
2020-04-26;8.25011
2020-04-25;8.25047
2020-04-24;8.25084
2020-04-23;8.26213
2020-04-22;8.21312
2020-04-21;8.22756
2020-04-20;8.27662
2020-04-19;8.25663
2020-04-18;8.257
2020-04-17;8.25736
2020-04-16;8.23397
2020-04-15;8.23272
2020-04-14;8.24799
2020-04-13;8.23432
2020-04-12;8.22276
2020-04-11;8.22312
2020-04-10;8.22349
2020-04-09;8.22386
2020-04-08;8.17814
2020-04-07;8.16785
2020-04-06;8.09405
2020-04-05;8.0508
2020-04-04;8.05116
2020-04-03;8.05152
2020-04-02;8.0357
2020-04-01;8.0316
2020-03-30;8.03059
2020-03-29;8.03951
2020-03-28;8.03986
2020-03-27;8.04022
2020-03-26;8.0289
2020-03-25;7.97769
2020-03-23;7.7542
2020-03-22;7.80203
2020-03-21;7.80238
2020-03-20;7.80165
2020-03-19;7.72864
2020-03-18;7.76961
2020-03-17;7.89662
2020-03-16;7.9525
2020-03-15;8.07687
2020-03-14;8.07723
2020-03-13;8.07759
2020-03-12;8.18508
2020-03-11;8.40081
2020-03-10;8.42408
2020-03-09;8.50976
2020-03-08;8.70127
2020-03-07;8.70166
2020-03-06;8.70205
2020-03-05;8.80596
2020-03-04;8.80375
2020-03-03;8.79005
2020-03-02;8.75458
2020-03-01;8.79163
2020-02-29;8.79203
2020-02-28;8.79242
2020-02-27;8.93153
2020-02-26;8.98186
2020-02-25;9.03102
2020-02-24;9.04978
2020-02-23;9.12047
2020-02-22;9.04978
2020-02-21;9.12053
2020-02-20;9.12567
2020-02-19;9.12483
2020-02-18;9.11868
2020-02-17;9.10891
2020-02-16;9.10239
2020-02-15;9.1028
2020-02-14;9.1032
2020-02-13;9.09233
2020-02-12;9.07163
2020-02-11;9.0533
2020-02-10;9.03262
2020-02-09;9.03908
2020-02-08;9.03948
2020-02-07;9.03989
2020-02-06;9.0379
2020-02-05;9.00879
2020-02-04;8.96289
2020-02-03;8.9324
2020-02-02;8.95803
2020-02-01;8.95843
2020-01-31;8.95883
2020-01-30;8.98983
2020-01-29;9.01161
2020-01-28;8.99791
2020-01-27;9.01196
2020-01-26;9.04912
2020-01-25;9.04952
2020-01-24;9.04993
2020-01-23;9.03882
2020-01-22;9.04295
2020-01-21;9.03651
2020-01-20;9.05643
2020-01-19;9.04803
2020-01-18;9.04843
2020-01-15;9.02607
2020-01-14;9.02583
2020-01-13;9.01911
2020-01-10;9.02926
2020-01-09;9.02161
2020-01-08;9.00069
2020-01-07;8.99725
2020-01-06;8.9807
2020-01-03;8.99338
2020-01-02;8.98611
2019-12-31;8.96871
2019-12-30;8.9785
2019-12-27;8.99054
2019-12-26;8.99457
2019-12-23;8.98308
2019-12-20;8.96962
2019-12-19;8.95195
2019-12-18;8.95233
2019-12-17;8.9416
2019-12-16;8.94315
2019-12-13;8.90653
2019-12-12;8.89708
2019-12-11;8.87469
2019-12-10;8.8741
2019-12-09;8.88902
2019-12-06;8.87804
2019-12-05;8.87219
2019-12-04;8.86243
2019-12-03;8.85578
2019-12-02;8.8847
2019-11-30;8.90909
2019-11-29;8.90949
2019-11-28;8.93409
2019-11-27;8.93613
2019-11-26;8.9228
2019-11-25;8.90797
2019-11-22;8.89297
2019-11-21;8.89307
2019-11-20;8.9059
2019-11-19;8.90601
2019-11-18;8.90236
2019-11-15;8.90376
2019-11-14;8.90874
2019-11-13;8.91016
2019-11-12;8.91084
2019-11-11;8.92871
2019-11-08;8.94448
2019-11-07;8.95409
2019-11-06;8.9489
2019-11-05;8.94759
2019-11-04;8.93625
2019-10-31;8.91298
2019-10-30;8.89299
2019-10-29;8.89232
2019-10-28;8.89529
2019-10-25;8.89719
2019-10-24;8.8797
2019-10-23;8.85999
2019-10-22;8.86531
2019-10-21;8.85815
2019-10-20;8.87114
2019-10-19;8.87153
2019-10-18;8.87193
2019-10-17;8.87652
2019-10-16;8.88815
2019-10-15;8.88428
2019-10-14;8.87713
2019-10-13;8.86332
2019-10-12;8.86372
2019-10-11;8.86411
2019-10-10;8.85164
2019-10-09;8.85031
2019-10-08;8.86463
2019-10-07;8.87249
2019-10-06;8.86248
2019-10-05;8.86287
2019-10-04;8.86326
2019-10-03;8.83941
2019-10-02;8.87496
2019-10-01;8.9105
2019-09-30;8.9145
2019-09-29;8.93105
2019-09-28;8.93145
2019-09-27;8.93184
2019-09-26;8.93691
2019-09-25;8.92895
2019-09-24;8.94745
2019-09-23;8.953
2019-09-22;8.94536
2019-09-21;8.94575
2019-09-20;8.94615
2019-09-19;8.93244
2019-09-18;8.92629
2019-09-17;8.92795
2019-09-16;8.9336
2019-09-15;8.93473
2019-09-14;8.93512
2019-09-13;8.93552
2019-09-12;8.92675
2019-09-11;8.91088
2019-09-10;8.9138
2019-09-09;8.94683
2019-09-08;8.94212
2019-09-07;8.94251
2019-09-06;8.94291
2019-09-05;8.94244
2019-09-04;8.93937
2019-09-03;8.9287
2019-09-02;8.91939
2019-09-01;8.90184
2019-08-31;8.90162
2019-08-30;8.96942
2019-08-29;8.94367
2019-08-28;8.9215
2019-08-27;8.90505
2019-08-26;8.9079
2019-08-25;8.91169
2019-08-24;8.91208
2019-08-23;8.91247
2019-08-22;8.91292
2019-08-21;8.90193
2019-08-20;8.89831
2019-08-19;8.87694
2019-08-18;8.85611
2019-08-17;8.8565
2019-08-16;8.85689
2019-08-15;8.85175
2019-08-14;8.84921
2019-08-13;8.85207
2019-08-12;8.86006
2019-08-11;8.82716
2019-08-10;8.82794
2019-08-09;8.82794
2019-08-08;8.81629
2019-08-07;8.81805
2019-08-06;8.82791
2019-08-05;8.85379
2019-08-04;8.84702
2019-08-03;8.84741
2019-08-02;8.8478
2019-08-01;8.89873
2019-07-31;8.89087
2019-07-30;8.91375
2019-07-29;8.93053
2019-07-28;8.92207
2019-07-27;8.92247
2019-07-26;8.92287
2019-07-25;8.932
2019-07-24;8.93324
2019-07-23;8.91446
2019-07-22;8.90697
2019-07-21;8.90361
2019-07-20;8.904
2019-07-19;8.9044
2019-07-18;8.90343
2019-07-17;8.90906
2019-07-16;8.89942
2019-07-15;8.89044
2019-07-14;8.89178
2019-07-13;8.89218
2019-07-12;8.89257
2019-07-11;8.88421
2019-07-10;8.88543
2019-07-09;8.88211
2019-07-08;8.89377
2019-07-07;8.90468
2019-07-06;8.90508
2019-07-05;8.90547
2019-07-04;8.90625
2019-07-03;8.87809
2019-07-02;8.85638
2019-07-01;8.82739
2019-06-30;8.81602
2019-06-29;8.81641
2019-06-28;8.8168
2019-06-27;8.80803
2019-06-26;8.81385
2019-06-25;8.8249
2019-06-24;8.82684
2019-06-23;8.83484
2019-06-22;8.83523
2019-06-21;8.83562
2019-06-20;8.8356
2019-06-19;8.80706
2019-06-18;8.78109
2019-06-17;8.76856
2019-06-16;8.76725
2019-06-15;8.76764
2019-06-14;8.76803
2019-06-13;8.76111
2019-06-12;8.76976
2019-06-11;8.74774
2019-06-10;8.73019
2019-06-09;8.72437
2019-06-08;8.72476
2019-06-07;8.72515
2019-06-06;8.72188
2019-06-05;8.70603
2019-06-04;8.68353
2019-06-03;8.6934
2019-06-02;8.6999
2019-06-01;8.70028
2019-05-31;8.70067
2019-05-30;8.70319
2019-05-29;8.70495
2019-05-28;8.71747
2019-05-27;8.71404
2019-05-26;8.71434
2019-05-25;8.71473
2019-05-24;8.71512
2019-05-23;8.7285
2019-05-22;8.73672
2019-05-21;8.741
2019-05-20;8.74798
2019-05-19;8.75448
2019-05-18;8.75488
2019-05-17;8.75528
2019-05-16;8.74992
2019-05-15;8.72416
2019-05-14;8.71125
2019-05-13;8.71446
2019-05-12;8.73685
2019-05-11;8.73724
2019-05-10;8.73764
2019-05-09;8.74999
2019-05-08;8.7682
2019-05-07;8.78802
2019-05-06;8.81028
2019-05-05;8.81936
2019-05-04;8.81976
2019-05-03;8.82015
2019-05-02;8.81897
2019-05-01;8.82952
2019-04-30;8.83121
2019-04-29;8.82894
2019-04-28;8.83082
2019-04-27;8.83122
2019-04-26;8.83162
2019-04-25;8.83077
2019-04-24;8.83408
2019-04-23;8.81238
2019-04-22;8.81195
2019-04-21;8.81325
2019-04-20;8.81365
2019-04-19;8.81405
2019-04-18;8.81558
2019-04-17;8.81223
2019-04-16;8.82064
2019-04-15;8.81715
2019-04-14;8.80694
2019-04-13;8.80733
2019-04-12;8.80773
2019-04-11;8.81645
2019-04-10;8.80995
2019-04-09;8.81651
2019-04-08;8.81933
2019-04-07;8.81285
2019-04-06;8.81325
2019-04-05;8.81364
2019-04-04;8.80552
2019-04-03;8.79913
2019-04-02;8.78548
2019-04-01;8.76703
2019-03-31;8.75408
2019-03-30;8.75448
2019-03-29;8.75526
2019-03-28;8.75695
2019-03-27;8.75765
2019-03-26;8.74468
2019-03-25;8.75007
2019-03-24;8.77195
2019-03-23;8.77234
2019-03-22;8.77274
2019-03-21;8.76107
2019-03-20;8.76852
2019-03-19;8.76647
2019-03-18;8.75122
2019-03-17;8.73664
2019-03-16;8.73703
2019-03-15;8.73743
2019-03-14;8.72871
2019-03-13;8.72084
2019-03-12;8.70831
2019-03-11;8.68893
2019-03-10;8.70556
2019-03-09;8.70595
2019-03-08;8.70634
2019-03-07;8.70421
2019-03-06;8.70709
2019-03-05;8.71423
2019-03-04;8.70832
2019-03-03;8.69613
2019-03-02;8.69652
2019-03-01;8.69691
2019-02-28;8.69625
2019-02-27;8.70358
2019-02-26;8.73609
2019-02-25;8.73922
2019-02-24;8.72561
2019-02-23;8.726
2019-02-22;8.72639
2019-02-21;8.69198
2019-02-20;8.69536
2019-02-19;8.68773
2019-02-18;8.67635
2019-02-17;8.66334
2019-02-16;8.66373
2019-02-15;8.66412
2019-02-14;8.64899
2019-02-13;8.62959
2019-02-12;8.62373
2019-02-11;8.61313
2019-02-10;8.61728
2019-02-09;8.61767
2019-02-08;8.61805
2019-02-07;8.63347
2019-02-06;8.6381
2019-02-05;8.62739
2019-02-04;8.61337
2019-02-03;8.61108
2019-02-02;8.61147
2019-02-01;8.61185
2019-01-31;8.61358
2019-01-30;8.5833
2019-01-29;8.57446
2019-01-28;8.57523
2019-01-27;8.57349
2019-01-26;8.57387
2019-01-25;8.57425
2019-01-24;8.55057
2019-01-23;8.54135
2019-01-22;8.55381
2019-01-21;8.55522
2019-01-20;8.53435
2019-01-19;8.53474
2019-01-18;8.53512
2019-01-17;8.51376
2019-01-16;8.50248
2019-01-15;8.47889
2019-01-14;8.47572
2019-01-13;8.47749
2019-01-12;8.47787
2019-01-11;8.47825
2019-01-10;8.46226
2019-01-09;8.45856
2019-01-08;8.43742
2019-01-07;8.42239
2019-01-06;8.39418
2019-01-05;8.39455
2019-01-04;8.39493
2019-01-03;8.39356
2019-01-02;8.39235
2019-01-01;8.38815
2018-12-31;8.38852
2018-12-30;8.37884
2018-12-29;8.37921
2018-12-28;8.37959
2018-12-27;8.34441
2018-12-26;8.36768
2018-12-25;8.369
2018-12-24;8.36938
2018-12-23;8.38762
2018-12-22;8.388
2018-12-21;8.38837
2018-12-20;8.41084
2018-12-19;8.4261
2018-12-18;8.43497
2018-12-17;8.4706
2018-12-16;8.49147
2018-12-15;8.49185
2018-12-14;8.49223
2018-12-13;8.48433
2018-12-12;8.47827
2018-12-11;8.45845
2018-12-10;8.46139
2018-12-09;8.50061
2018-12-08;8.50099
2018-12-07;8.50137
2018-12-06;8.50288
2018-12-05;8.53747
2018-12-04;8.56959
2018-12-03;8.55991
2018-12-02;8.53784
2018-12-01;8.53822
2018-11-30;8.53861
2018-11-29;8.53875
2018-11-28;8.51855
2018-11-27;8.5093
2018-11-26;8.49136
2018-11-25;8.48466
2018-11-24;8.48504
2018-11-23;8.48541
2018-11-22;8.48823
2018-11-21;8.5007
2018-11-20;8.49237
2018-11-19;8.5391
2018-11-18;8.55367
2018-11-17;8.55405
2018-11-16;8.55443
2018-11-15;8.55233
2018-11-14;8.56607
2018-11-13;8.57456
2018-11-12;8.59818
2018-11-11;8.60807
2018-11-10;8.60846
2018-11-09;8.60884
2018-11-08;8.62741
2018-11-07;8.61473
2018-11-06;8.60356
2018-11-05;8.59977
2018-11-04;8.59912
2018-11-03;8.59951
2018-11-02;8.59989
2018-11-01;8.55793
2018-10-31;8.56979
2018-10-30;8.53365
2018-10-29;8.54501
2018-10-28;8.54743
2018-10-27;8.54781
2018-10-26;8.54819
2018-10-25;8.5736
2018-10-24;8.57708
2018-10-23;8.59745
2018-10-22;8.61019
2018-10-21;8.60866
2018-10-20;8.60904
2018-10-19;8.60943
2018-10-18;8.63039
2018-10-17;8.63689
2018-10-16;8.60463
2018-10-15;8.5947
2018-10-14;8.59065
2018-10-13;8.59142
2018-10-12;8.59142
2018-10-11;8.62134
2018-10-10;8.66895
2018-10-09;8.68274
2018-10-08;8.69583
2018-10-07;8.73349
2018-10-06;8.73388
2018-10-05;8.73427
2018-10-04;8.74203
2018-10-03;8.75523
2018-10-02;8.75858
2018-10-01;8.75019
2018-09-30;8.75421
2018-09-29;8.7546
2018-09-28;8.75499
2018-09-27;8.74449
2018-09-26;8.73373
2018-09-25;8.73398
2018-09-24;8.74358
2018-09-23;8.73666
2018-09-22;8.73705
2018-09-21;8.73744
2018-09-20;8.72463
2018-09-19;8.7236
2018-09-18;8.71592
2018-09-17;8.7111
2018-09-16;8.70781
2018-09-15;8.7082
2018-09-14;8.70859
2018-09-13;8.70387
2018-09-12;8.70823
2018-09-11;8.69862
2018-09-10;8.69497
2018-09-09;8.70256
2018-09-08;8.70295
2018-09-07;8.70334
2018-09-06;8.70226
2018-09-05;8.71904
2018-09-04;8.73136
2018-09-03;8.7426
2018-09-02;8.74329
2018-09-01;8.74368
2018-08-31;8.74407
2018-08-30;8.75498
2018-08-29;8.75744
2018-08-28;8.76092
2018-08-27;8.75858
2018-08-26;8.75678
2018-08-25;8.75717
2018-08-24;8.75756
2018-08-23;8.75785
2018-08-22;8.76462
2018-08-21;8.76518
2018-08-20;8.76447
2018-08-19;8.76371
2018-08-18;8.76411
2018-08-17;8.7645
2018-08-16;8.76977
2018-08-15;8.77903
2018-08-14;8.78474
2018-08-13;8.805
2018-08-12;8.82628
2018-08-11;8.82667
2018-08-10;8.82707
2018-08-09;8.82588
2018-08-08;8.8284
2018-08-07;8.83503
2018-08-06;8.82932
2018-08-05;8.82466
2018-08-04;8.82506
2018-08-03;8.82545
2018-08-02;8.82262
2018-08-01;8.83338
2018-07-31;8.8354
2018-07-30;8.85227
2018-07-29;8.86784
2018-07-28;8.86824
2018-07-27;8.86863
2018-07-26;8.8452
2018-07-25;8.837
2018-07-24;8.8265
2018-07-23;8.82283
2018-07-22;8.83395
2018-07-21;8.83434
2018-07-20;8.83474
2018-07-19;8.83739
2018-07-18;8.84116
2018-07-17;8.82738
2018-07-16;8.83154
2018-07-15;8.82832
2018-07-14;8.82872
2018-07-13;8.82911
2018-07-12;8.80959
2018-07-11;8.81711
2018-07-10;8.82083
2018-07-09;8.80316
2018-07-08;8.78872
2018-07-07;8.78911
2018-07-06;8.78951
2018-07-05;8.78972
2018-07-04;8.78796
2018-07-03;8.79032
2018-07-02;8.78022
2018-07-01;8.79811
2018-06-30;8.79851
2018-06-29;8.7989
2018-06-28;8.79067
2018-06-27;8.79864
2018-06-26;8.80363
2018-06-25;8.8348
2018-06-24;8.84128
2018-06-23;8.84167
2018-06-22;8.84207
2018-06-21;8.85517
2018-06-20;8.85502
2018-06-19;8.86218
2018-06-18;8.87557
2018-06-17;8.88482
2018-06-16;8.88522
2018-06-15;8.88562
2018-06-14;8.88294
2018-06-13;8.87624
2018-06-12;8.87717
2018-06-11;8.872
2018-06-10;8.86621
2018-06-09;8.86661
2018-06-08;8.86607
2018-06-07;8.87463
2018-06-06;8.88586
2018-06-05;8.89534
2018-06-04;8.8771
2018-06-03;8.86018
2018-06-02;8.86058
2018-06-01;8.86098
2018-05-31;8.85139
2018-05-30;8.86139
2018-05-29;8.89795
2018-05-28;8.89953
2018-05-27;8.89701
2018-05-26;8.8974
2018-05-25;8.8978
2018-05-24;8.89373
2018-05-23;8.89765
2018-05-22;8.89944
2018-05-21;8.89389
2018-05-20;8.89059
2018-05-19;8.89099
2018-05-18;8.89138
2018-05-17;8.89236
2018-05-16;8.88277
2018-05-15;8.88605
2018-05-14;8.88998
2018-05-13;8.88411
2018-05-12;8.88451
2018-05-11;8.8849
2018-05-10;8.87262
2018-05-09;8.86764
2018-05-08;8.86547
2018-05-07;8.85601
2018-05-06;8.84875
2018-05-05;8.84914
2018-05-04;8.84954
2018-05-03;8.85097
2018-05-02;8.85929
2018-05-01;8.85544
2018-04-30;8.8544
2018-04-29;8.8479
2018-04-28;8.8483
2018-04-27;8.8487
2018-04-26;8.82592
2018-04-25;8.8307
2018-04-24;8.83555
2018-04-23;8.83468
2018-04-22;8.84276
2018-04-21;8.84315
2018-04-20;8.84355
2018-04-19;8.85438
2018-04-18;8.85196
2018-04-17;8.83008
2018-04-16;8.82522
2018-04-15;8.82702
2018-04-14;8.82742
2018-04-13;8.82782
2018-04-12;8.81797
2018-04-11;8.81972
2018-04-10;8.80405
2018-04-09;8.80238
2018-04-08;8.81665
2018-04-07;8.81612
2018-04-06;8.81652
2018-04-05;8.80275
2018-04-04;8.7822
2018-04-03;8.78156
2018-04-02;8.77539
2018-04-01;8.77226
2018-03-31;8.77266
2018-03-30;8.77296
2018-03-29;8.77454
2018-03-28;8.76795
2018-03-27;8.7723
2018-03-26;8.76282
2018-03-25;8.78894
2018-03-24;8.78934
2018-03-23;8.78974
2018-03-22;8.82392
2018-03-21;8.83507
2018-03-20;8.84235
2018-03-19;8.84325
2018-03-18;8.84708
2018-03-17;8.84748
2018-03-16;8.84788
2018-03-15;8.84567
2018-03-14;8.84708
2018-03-13;8.86322
2018-03-12;8.86336
2018-03-11;8.84443
2018-03-10;8.84483
2018-03-09;8.84523
2018-03-08;8.82092
2018-03-07;8.81302
2018-03-06;8.81615
2018-03-05;8.80682
2018-03-04;8.81977
2018-03-03;8.82017
2018-03-02;8.82057
2018-03-01;8.84286
2018-02-28;8.85597
2018-02-27;8.87149
2018-02-26;8.86218
2018-02-25;8.83341
2018-02-24;8.83381
2018-02-23;8.83421
2018-02-22;8.82999
2018-02-21;8.83364
2018-02-20;8.83086
2018-02-19;8.83259
2018-02-18;8.82215
2018-02-17;8.82255
2018-02-16;8.82295
2018-02-15;8.80454
2018-02-14;8.79111
2018-02-13;8.78441
2018-02-12;8.78707
2018-02-11;8.79053
2018-02-10;8.79093
2018-02-09;8.79133
2018-02-08;8.84578
2018-02-07;8.85416
2018-02-06;8.83901
2018-02-05;8.89074
2018-02-04;8.92695
2018-02-03;8.92639
2018-02-02;8.92679
2018-02-01;8.94594
2018-01-31;8.95009
2018-01-30;8.9705
2018-01-29;8.98722
2018-01-28;8.98103
2018-01-27;8.98143
2018-01-26;8.98184
2018-01-25;8.98957
2018-01-24;8.99847
2018-01-23;9.00096
2018-01-22;8.98852
2018-01-21;8.98073
2018-01-20;8.98114
2018-01-19;8.98154
2018-01-18;8.98096
2018-01-17;8.9801
2018-01-16;8.97266
2018-01-15;8.97464
2018-01-14;8.97267
2018-01-13;8.97307
2018-01-12;8.97348
2018-01-11;8.97772
2018-01-10;8.98661
2018-01-09;8.99069
2018-01-08;8.97367
2018-01-07;8.95119
2018-01-06;8.9516
2018-01-05;8.952
2018-01-04;8.93601
2018-01-03;8.92775
2018-01-02;8.91673
2018-01-01;8.91889
2017-12-31;8.91928
2017-12-30;8.92144
2017-12-29;8.92184
2017-12-28;8.93345
2017-12-27;8.93062
2017-12-26;8.92626
2017-12-25;8.9224
2017-12-24;8.92281
2017-12-23;8.92321
2017-12-22;8.92362
2017-12-21;8.91958
2017-12-20;8.92628
2017-12-19;8.93583
2017-12-18;8.93399
2017-12-17;8.92305
2017-12-16;8.92346
2017-12-15;8.92386
2017-12-14;8.92486
2017-12-13;8.9306
2017-12-12;8.9307
2017-12-11;8.92832
2017-12-10;8.91571
2017-12-09;8.91571
2017-12-08;8.91611
2017-12-07;8.91362
2017-12-06;8.92069
2017-12-05;8.91995
2017-12-04;8.92344
2017-12-03;8.91786
2017-12-02;8.91827
2017-12-01;8.91867
2017-11-30;8.91953
2017-11-29;8.92862
2017-11-28;8.91883
2017-11-27;8.91578
2017-11-26;8.92002
2017-11-25;8.92042
2017-11-24;8.92083
2017-11-23;8.93296
2017-11-22;8.9345
2017-11-21;8.92724
2017-11-20;8.91666
2017-11-19;8.91292
2017-11-18;8.91333
2017-11-17;8.91373
2017-11-16;8.89968
2017-11-15;8.89994
2017-11-14;8.91786
2017-11-13;8.94613
2017-11-12;8.95129
2017-11-11;8.9517
2017-11-10;8.95211
2017-11-09;8.97521
2017-11-08;8.98204
2017-11-07;8.98434
2017-11-06;8.97943
2017-11-05;8.96649
2017-11-04;8.9669
2017-11-03;8.96731
2017-11-02;8.95698
2017-11-01;8.95612
2017-10-31;8.95243
2017-10-30;8.94778
2017-10-29;8.93583
2017-10-28;8.93624
2017-10-27;8.93664
2017-10-26;8.91353
2017-10-25;8.91254
2017-10-24;8.92242
2017-10-23;8.92337
2017-10-22;8.91052
2017-10-21;8.91093
2017-10-20;8.91133
2017-10-19;8.91437
2017-10-18;8.91991
2017-10-17;8.92015
2017-10-16;8.9142
2017-10-15;8.90613
2017-10-14;8.90653
2017-10-13;8.90694
2017-10-12;8.89699
2017-10-11;8.89159
2017-10-10;8.89321
2017-10-09;8.89339
2017-10-08;8.89703
2017-10-07;8.89743
2017-10-06;8.89896
2017-10-05;8.88733
2017-10-04;8.90535
2017-10-03;8.9009
2017-10-02;8.89073
2017-10-01;8.87834
2017-09-30;8.87874
2017-09-29;8.87902
2017-09-28;8.8764
2017-09-27;8.87811
2017-09-26;8.87241
2017-09-25;8.87048
2017-09-24;8.85954
2017-09-23;8.85995
2017-09-22;8.86036
2017-09-21;8.86131
2017-09-20;8.86603
2017-09-19;8.86383
2017-09-18;8.86151
2017-09-17;8.8669
2017-09-16;8.86731
2017-09-15;8.86771
2017-09-14;8.87057
2017-09-13;8.86539
2017-09-12;8.86166
2017-09-11;8.83948
2017-09-10;8.82945
2017-09-09;8.82985
2017-09-08;8.83026
2017-09-07;8.8326
2017-09-06;8.8343
2017-09-05;8.83714
2017-09-04;8.85325
2017-09-03;8.85617
2017-09-02;8.85658
2017-09-01;8.85699
2017-08-31;8.84854
2017-08-30;8.81308
2017-08-29;8.80879
2017-08-28;8.82209
2017-08-27;8.82397
2017-08-26;8.82438
2017-08-25;8.82478
2017-08-24;8.83388
2017-08-23;8.83763
2017-08-22;8.83041
2017-08-21;8.82682
2017-08-20;8.83332
2017-08-19;8.83373
2017-08-18;8.83413
2017-08-17;8.85065
2017-08-16;8.84262
2017-08-15;8.83102
2017-08-14;8.84155
2017-08-13;8.82967
2017-08-12;8.83008
2017-08-11;8.83049
2017-08-10;8.85792
2017-08-09;8.86143
2017-08-08;8.86582
2017-08-07;8.85822
2017-08-06;8.84574
2017-08-05;8.84615
2017-08-04;8.84656
2017-08-03;8.84756
2017-08-02;8.8514
2017-08-01;8.84794
2017-07-31;8.84921
2017-07-30;8.85867
2017-07-29;8.8578
2017-07-28;8.85821
2017-07-27;8.86555
2017-07-26;8.85813
2017-07-25;8.8636
2017-07-24;8.85721
2017-07-23;8.86461
2017-07-22;8.86501
2017-07-21;8.86542
2017-07-20;8.87644
2017-07-19;8.86497
2017-07-18;8.86341
2017-07-17;8.86942
2017-07-16;8.86296
2017-07-15;8.86337
2017-07-14;8.86378
2017-07-13;8.86105
2017-07-12;8.83796
2017-07-11;8.82949
2017-07-10;8.82775
2017-07-09;8.81776
2017-07-08;8.81817
2017-07-07;8.81857
2017-07-06;8.8457
2017-07-05;8.84827
2017-07-04;8.85831
2017-07-03;8.85057
2017-07-02;8.84004
2017-07-01;8.84046
2017-06-30;8.84088
2017-06-29;8.8641
2017-06-28;8.87166
2017-06-27;8.89955
2017-06-26;8.90468
2017-06-25;8.89654
2017-06-24;8.89695
2017-06-23;8.89737
2017-06-22;8.90197
2017-06-21;8.90409
2017-06-20;8.91108
2017-06-19;8.89853
2017-06-18;8.89099
2017-06-17;8.89141
2017-06-16;8.89183
2017-06-15;8.89979
2017-06-14;8.8951
2017-06-13;8.89431
2017-06-12;8.89442
2017-06-11;8.90416
2017-06-10;8.90457
2017-06-09;8.90498
2017-06-08;8.89826
2017-06-07;8.89832
2017-06-06;8.90029
2017-06-05;8.89758
2017-06-04;8.89464
2017-06-03;8.89505
2017-06-02;8.89546
2017-06-01;8.88099
2017-05-31;8.87337
2017-05-30;8.87867
2017-05-29;8.87825
2017-05-28;8.87468
2017-05-27;8.87509
2017-05-26;8.8755
2017-05-25;8.86511
2017-05-24;8.86354
2017-05-23;8.85967
2017-05-22;8.85564
2017-05-21;8.84971
2017-05-20;8.85012
2017-05-19;8.85053
2017-05-18;8.87093
2017-05-17;8.87944
2017-05-16;8.88581
2017-05-15;8.89103
2017-05-14;8.89055
2017-05-13;8.89096
2017-05-12;8.89137
2017-05-11;8.89378
2017-05-10;8.88937
2017-05-09;8.88189
2017-05-08;8.87578
2017-05-07;8.8704
2017-05-06;8.87122
2017-05-05;8.87122
2017-05-04;8.86776
2017-05-03;8.87684
2017-05-02;8.87081
2017-05-01;8.85929
2017-04-30;8.86555
2017-04-29;8.86596
2017-04-28;8.86637
2017-04-27;8.85536
2017-04-26;8.86111
2017-04-25;8.83618
2017-04-24;8.83789
2017-04-23;8.82908
2017-04-22;8.82949
2017-04-21;8.8299
2017-04-20;8.82498
2017-04-19;8.82789
2017-04-18;8.83817
2017-04-17;8.84154
2017-04-16;8.84464
2017-04-15;8.84505
2017-04-14;8.84546
2017-04-13;8.8442
2017-04-12;8.84657
2017-04-11;8.85218
2017-04-10;8.84891
2017-04-09;8.84338
2017-04-08;8.84379
2017-04-07;8.8442
2017-04-06;8.83878
2017-04-05;8.84252
2017-04-04;8.84161
2017-04-03;8.83948
2017-04-02;8.83399
2017-04-01;8.8344
2017-03-31;8.83481
2017-03-30;8.83264
2017-03-29;8.81731
2017-03-28;8.79812
2017-03-27;8.80319
2017-03-26;8.80531
2017-03-25;8.80571
2017-03-24;8.80612
2017-03-23;8.79837
2017-03-22;8.7931
2017-03-21;8.81054
2017-03-20;8.81546
2017-03-19;8.81662
2017-03-18;8.81703
2017-03-17;8.81744
2017-03-16;8.81301
2017-03-15;8.80061
2017-03-14;8.8
2017-03-13;8.80492
2017-03-12;8.80532
2017-03-11;8.80573
2017-03-10;8.80614
2017-03-09;8.80519
2017-03-08;8.81592
2017-03-07;8.82338
2017-03-06;8.83561
2017-03-05;8.83682
2017-03-04;8.83723
2017-03-03;8.83764
2017-03-02;8.84327
2017-03-01;8.81151
2017-02-28;8.8005
2017-02-27;8.7958
2017-02-26;8.80074
2017-02-25;8.80114
2017-02-24;8.80155
2017-02-23;8.80468
2017-02-22;8.80256
2017-02-21;8.7804
2017-02-20;8.77701
2017-02-19;8.76967
2017-02-18;8.77007
2017-02-17;8.77048
2017-02-16;8.77157
2017-02-15;8.76924
2017-02-14;8.7616
2017-02-13;8.75045
2017-02-12;8.73233
2017-02-11;8.73273
2017-02-10;8.73313
2017-02-09;8.72053
2017-02-08;8.71574
2017-02-07;8.7079
2017-02-06;8.70718
2017-02-05;8.69663
2017-02-04;8.69703
2017-02-03;8.69743
2017-02-02;8.67825
2017-02-01;8.67255
2017-01-31;8.68122
2017-01-30;8.69472
2017-01-29;8.69936
2017-01-28;8.69976
2017-01-27;8.70016
2017-01-26;8.69757
2017-01-25;8.68891
2017-01-24;8.67047
2017-01-23;8.67477
2017-01-22;8.67729
2017-01-21;8.67769
2017-01-20;8.67809
2017-01-19;8.68468
2017-01-18;8.68203
2017-01-17;8.69196
2017-01-16;8.7011
2017-01-15;8.69957
2017-01-14;8.69996
2017-01-13;8.70036
2017-01-12;8.69663
2017-01-11;8.69369
2017-01-10;8.68933
2017-01-09;8.69221
2017-01-08;8.68537
2017-01-07;8.68577
2017-01-06;8.68307
2017-01-05;8.695
2017-01-04;8.68326
2017-01-03;8.67788
2017-01-02;8.6593
2017-01-01;8.65089
2016-12-31;8.6518
2016-12-30;8.65905
2016-12-29;8.67244
2016-12-28;8.67637
2016-12-27;8.66884
2016-12-26;8.66413
2016-12-25;8.66376
2016-12-24;8.66416
2016-12-23;8.66456
2016-12-22;8.66666
2016-12-21;8.67561
2016-12-20;8.67261
2016-12-19;8.66343
2016-12-18;8.64946
2016-12-17;8.64986
2016-12-16;8.65026
2016-12-15;8.65815
2016-12-14;8.64566
2016-12-13;8.64543
2016-12-12;8.6395
2016-12-11;8.63386
2016-12-10;8.63425
2016-12-09;8.63465
2016-12-08;8.60109
2016-12-07;8.57564
2016-12-06;8.56151
2016-12-05;8.55149
2016-12-04;8.54458
2016-12-03;8.54497
2016-12-02;8.54536
2016-12-01;8.57006
2016-11-30;8.6026
2016-11-29;8.59872
2016-11-28;8.59876
2016-11-27;8.59709
2016-11-26;8.59749
2016-11-25;8.59788
2016-11-24;8.59444
2016-11-23;8.58895
2016-11-22;8.59317
2016-11-21;8.58609
2016-11-20;8.58935
2016-11-19;8.58971
2016-11-18;8.59007
2016-11-17;8.59278
2016-11-16;8.5892
2016-11-15;8.59596
2016-11-14;8.58755
2016-11-13;8.58375
2016-11-12;8.5841
2016-11-11;8.58445
2016-11-10;8.61057
2016-11-09;8.62149
2016-11-08;8.61459
2016-11-07;8.60931
2016-11-06;8.58215
2016-11-05;8.58243
2016-11-04;8.58272
2016-11-03;8.59669
2016-11-02;8.60517
2016-11-01;8.62316
2016-10-31;8.66254
2016-10-30;8.66841
2016-10-29;8.66866
2016-10-28;8.6689
2016-10-27;8.67322
2016-10-26;8.70562
2016-10-25;8.7345
2016-10-24;8.72938
2016-10-23;8.72637
2016-10-22;8.72679
2016-10-21;8.7272
2016-10-20;8.72262
2016-10-19;8.70933
2016-10-18;8.69391
2016-10-17;8.6631
2016-10-16;8.67211
2016-10-15;8.67252
2016-10-14;8.67294
2016-10-13;8.64627
2016-10-12;8.65876
2016-10-11;8.66953
2016-10-10;8.66652
2016-10-09;8.6559
2016-10-08;8.65632
2016-10-07;8.65674
2016-10-06;8.68056
2016-10-05;8.68139
2016-10-04;8.7034
2016-10-03;8.70185
2016-10-02;8.71194
2016-10-01;8.71147
2016-09-30;8.7119
2016-09-29;8.70387
2016-09-28;8.71081
2016-09-27;8.69591
2016-09-26;8.68773
2016-09-25;8.72052
2016-09-24;8.72076
2016-09-23;8.72099
2016-09-22;8.72775
2016-09-21;8.67005
2016-09-20;8.65488
2016-09-19;8.63619
2016-09-18;8.61391
2016-09-17;8.61414
2016-09-16;8.61437
2016-09-15;8.62331
2016-09-14;8.61813
2016-09-13;8.61617
2016-09-12;8.65941
2016-09-11;8.69125
2016-09-10;8.69149
2016-09-09;8.69174
2016-09-08;8.74873
2016-09-07;8.77318
2016-09-06;8.76409
2016-09-05;8.75494
2016-09-04;8.74213
2016-09-03;8.74238
2016-09-02;8.74262
2016-09-01;8.71345
2016-08-31;8.72477
2016-08-30;8.7379
2016-08-29;8.7309
2016-08-28;8.7286
2016-08-27;8.72884
2016-08-26;8.72909
2016-08-25;8.72081
2016-08-24;8.73985
2016-08-23;8.72942
2016-08-22;8.71279
2016-08-21;8.70443
2016-08-20;8.70467
2016-08-19;8.70491
2016-08-18;8.72579
2016-08-17;8.71207
2016-08-16;8.72601
2016-08-15;8.76334
2016-08-14;8.76816
2016-08-13;8.76855
2016-08-12;8.76881
2016-08-11;8.771
2016-08-10;8.75563
2016-08-09;8.75682
2016-08-08;8.74194
2016-08-07;8.727
2016-08-06;8.72666
2016-08-05;8.7269
2016-08-04;8.69955
2016-08-03;8.66274
2016-08-02;8.65054
2016-08-01;8.69456
2016-07-31;8.7017
2016-07-30;8.70182
2016-07-29;8.70206
2016-07-28;8.68376
2016-07-27;8.7009
2016-07-26;8.69155
2016-07-25;8.68886
2016-07-24;8.6904
2016-07-23;8.69063
2016-07-22;8.69091
2016-07-21;8.67694
2016-07-20;8.67497
2016-07-19;8.65774
2016-07-18;8.65921
2016-07-17;8.65692
2016-07-16;8.65715
2016-07-15;8.65738
2016-07-14;8.66722
2016-07-13;8.64779
2016-07-12;8.6488
2016-07-11;8.62403
2016-07-10;8.59348
2016-07-09;8.59371
2016-07-08;8.58826
2016-07-07;8.53237
2016-07-06;8.51123
2016-07-05;8.54957
2016-07-04;8.58541
2016-07-03;8.58718
2016-07-02;8.58741
2016-07-01;8.58763
2016-06-30;8.75917
2016-06-29;8.73412
2016-06-28;8.67447
2016-06-27;8.62376
2016-06-26;8.67347
2016-06-25;8.67963
2016-06-24;8.68035
2016-06-23;8.72175
2016-06-22;8.71578
2016-06-21;8.70984
2016-06-20;8.70157
2016-06-19;8.64261
2016-06-18;8.64322
2016-06-17;8.64382
2016-06-16;8.63407
2016-06-15;8.64509
2016-06-14;8.63533
2016-06-13;8.66663
2016-06-12;8.71966
2016-06-11;8.71977
2016-06-10;8.71986
2016-06-09;8.74863
2016-06-08;8.7553
2016-06-07;8.75609
2016-06-06;8.71429
2016-06-05;8.70935
2016-06-04;8.70943
2016-06-03;8.70951
2016-06-02;8.72175
2016-06-01;8.7197
2016-05-31;8.7424
2016-05-30;8.7407
2016-05-29;8.74623
2016-05-28;8.74632
2016-05-27;8.7464
2016-05-26;8.73498
2016-05-25;8.73524
2016-05-24;8.69597
2016-05-23;8.65552
2016-05-22;8.66224
2016-05-21;8.6623
2016-05-20;8.66236
2016-05-19;8.64344
2016-05-18;8.65857
2016-05-17;8.66164
2016-05-16;8.64997
2016-05-15;8.65064
2016-05-14;8.65069
2016-05-13;8.65074
2016-05-12;8.62695
2016-05-11;8.63751
2016-05-10;8.6342
2016-05-09;8.62023
2016-05-08;8.61729
2016-05-07;8.61735
2016-05-06;8.6174
2016-05-05;8.61809
2016-05-04;8.60414
2016-05-03;8.63408
2016-05-02;8.66295
2016-05-01;8.65876
2016-04-30;8.6603
2016-04-29;8.66057
2016-04-28;8.71057
2016-04-27;8.69547
2016-04-26;8.702
2016-04-25;8.69857
2016-04-24;8.72638
2016-04-23;8.72619
2016-04-22;8.72625
2016-04-21;8.73418
2016-04-20;8.76044
2016-04-19;8.73745
2016-04-18;8.7226
2016-04-17;8.72542
2016-04-16;8.72563
2016-04-15;8.72569
2016-04-14;8.72007
2016-04-13;8.71701
2016-04-12;8.63317
2016-04-11;8.6296
2016-04-10;8.62515
2016-04-09;8.62485
2016-04-08;8.62491
2016-04-07;8.59401
2016-04-06;8.62137
2016-04-05;8.61152
2016-04-04;8.66811
2016-04-03;8.67016
2016-04-02;8.66888
2016-04-01;8.66898
2016-03-31;8.68784
2016-03-30;8.70517
2016-03-29;8.68471
2016-03-28;8.66809
2016-03-27;8.66869
2016-03-26;8.66872
2016-03-25;8.66874
2016-03-24;8.66877
2016-03-23;8.69871
2016-03-22;8.71147
2016-03-21;8.70443
2016-03-20;8.7048
2016-03-19;8.7048
2016-03-18;8.70479
2016-03-17;8.69382
2016-03-16;8.66249
2016-03-15;8.65877
2016-03-14;8.70279
2016-03-13;8.6815
2016-03-12;8.68149
2016-03-11;8.68148
2016-03-10;8.59127
2016-03-09;8.64153
2016-03-08;8.63798
2016-03-07;8.65442
2016-03-06;8.65577
2016-03-05;8.65576
2016-03-04;8.65575
2016-03-03;8.66881
2016-03-02;8.65867
2016-03-01;8.65126
2016-02-29;8.63157
2016-02-28;8.59605
2016-02-27;8.5961
2016-02-26;8.59614
2016-02-25;8.53683
2016-02-24;8.49511
2016-02-23;8.53592
2016-02-22;8.56557
2016-02-21;8.5235
2016-02-20;8.52355
2016-02-19;8.5236
2016-02-18;8.53507
2016-02-17;8.51456
2016-02-16;8.488
2016-02-15;8.49445
2016-02-14;8.46238
2016-02-13;8.46244
2016-02-12;8.4625
2016-02-11;8.43725
2016-02-10;8.45232
2016-02-09;8.44426
2016-02-08;8.48164
2016-02-07;8.51823
2016-02-06;8.52413
2016-02-05;8.52419
2016-02-04;8.543
2016-02-03;8.56721
2016-02-02;8.58959
2016-02-01;8.61611
2016-01-31;8.62721
2016-01-30;8.62712
2016-01-29;8.62723
2016-01-28;8.58034
2016-01-27;8.59163
2016-01-26;8.58449
2016-01-25;8.5666
2016-01-24;8.56734
2016-01-23;8.56742
2016-01-22;8.5675
2016-01-21;8.54763
2016-01-20;8.51881
2016-01-19;8.54585
2016-01-18;8.54651
2016-01-17;8.57099
2016-01-16;8.57106
2016-01-15;8.57113
2016-01-14;8.61789
2016-01-13;8.65511
2016-01-12;8.64366
2016-01-11;8.63021
2016-01-10;8.64169
2016-01-09;8.64176
2016-01-08;8.64183
2016-01-07;8.69124
2016-01-06;8.76604
2016-01-05;8.78907
2016-01-04;8.76398
2016-01-03;8.80848
2016-01-02;8.80855
2016-01-01;8.80863